acct_id,num_tx,avg_amount,std_amount,min_amount,max_amount,total_sent,first_step,last_step,num_unique_recipients,amount_cv,active_steps,tx_velocity,recipient_diversity,num_received,total_received,avg_received,num_unique_senders,is_sar
0,187.0,535.2096791443851,263.15334305939825,6.79,998.89,100084.21,1.0,31.0,3.0,0.49168270550557397,31.0,6.032258062570239,0.0160427807478052,6.0,3438.24,573.04,2.0,0
1,206.0,536.6140291262136,244.4345137275993,109.16,990.15,110542.49,1.0,31.0,10.0,0.45551271576157815,31.0,6.64516128817898,0.04854368931803186,145.0,85398.39,588.9544137931034,13.0,0
2,103.0,583.0296116504854,256.70381779481966,105.5,992.15,60052.05,1.0,31.0,7.0,0.4402929330874287,31.0,3.32258064408949,0.06796116504194552,108.0,59700.41,552.7815740740741,15.0,0
3,205.0,556.049268292683,253.25289352420742,111.68,994.11,113990.1,1.0,31.0,44.0,0.455450457289965,31.0,6.612903223673257,0.21463414633099345,586.0,335874.05,573.1639078498293,35.0,0
4,205.0,565.2213658536585,242.38486335660437,109.11,995.61,115870.38,1.0,31.0,46.0,0.4288317427389536,31.0,6.612903223673257,0.22439024389149315,558.0,312334.64,559.7394982078853,32.0,0
5,206.0,558.2223786407767,262.0980249237842,108.57,998.82,114993.81,1.0,31.0,43.0,0.4695226041587136,31.0,6.64516128817898,0.208737864067537,373.0,201777.98,540.9597319034852,30.0,0
6,205.0,540.0709756097561,255.66656428473613,107.67,999.06,110714.55,1.0,31.0,61.0,0.4733943793060663,31.0,6.612903223673257,0.2975609755952409,519.0,287313.1,553.5897880539499,49.0,0
7,206.0,547.9554854368932,267.63734466261593,100.16,998.9,112878.83,1.0,31.0,67.0,0.4884289906220034,31.0,6.64516128817898,0.3252427184308134,902.0,480486.81,532.6904767184036,51.0,0
8,206.0,571.3574757281554,271.8657919805408,101.56,997.13,117699.64,1.0,31.0,59.0,0.4758243368204967,31.0,6.64516128817898,0.286407766976388,1048.0,559055.71,533.450104961832,49.0,1
9,206.0,518.1822815533981,262.0515338894117,103.02,999.53,106745.55,1.0,31.0,67.0,0.5057130342218203,31.0,6.64516128817898,0.3252427184308134,831.0,435706.12,524.3154271961492,49.0,1
10,205.0,502.17970731707317,247.59110057756118,108.06,991.42,102946.84,1.0,31.0,71.0,0.4930328664521351,31.0,6.612903223673257,0.3463414633977394,1392.0,750183.37,538.9248347701149,63.0,0
11,206.0,554.269854368932,250.14430043570158,100.87,994.27,114179.59,1.0,31.0,75.0,0.45130417694462593,31.0,6.64516128817898,0.36407766988523893,1806.0,952558.71,527.4411461794019,70.0,0
12,205.0,575.8286829268293,247.5352734395367,101.16,984.06,118044.88,1.0,31.0,72.0,0.4298765948529388,31.0,6.612903223673257,0.3512195121779893,1470.0,796631.14,541.9259455782313,71.0,0
13,206.0,566.271213592233,261.1629032017448,103.11,998.71,116651.87,1.0,31.0,72.0,0.46119756210174223,31.0,6.64516128817898,0.34951456308982937,1451.0,776786.56,535.3456650585804,69.0,0
14,206.0,536.2660194174757,254.58410985931184,104.87,999.64,110470.8,1.0,31.0,69.0,0.4747347410360049,31.0,6.64516128817898,0.3349514562944198,1445.0,785811.88,543.8144498269896,73.0,0
15,206.0,568.5710194174758,255.16948585143837,109.46,987.16,117125.63,1.0,31.0,101.0,0.4487908759549194,31.0,6.64516128817898,0.49029126211212176,1663.0,886111.27,532.8390078171979,77.0,0
16,206.0,545.3549029126214,241.25741263019248,110.22,999.32,112343.11,1.0,31.0,99.0,0.4423860706803322,31.0,6.64516128817898,0.4805825242485154,1285.0,704065.29,547.9107315175097,77.0,0
17,206.0,568.7685436893204,276.95041022310625,106.4,999.8,117166.32,1.0,31.0,99.0,0.48692990020474153,31.0,6.64516128817898,0.4805825242485154,1634.0,885255.13,541.771805385557,84.0,0
18,206.0,544.6279611650485,262.43122473483015,104.97,997.68,112193.36,1.0,31.0,102.0,0.48185411591543736,31.0,6.64516128817898,0.49514563104392495,2030.0,1092878.05,538.3635714285715,76.0,0
19,206.0,555.8470388349515,260.07307464928056,105.19,995.16,114504.49,1.0,31.0,103.0,0.46788604863257277,31.0,6.64516128817898,0.49999999997572814,1917.0,1044572.41,544.899535732916,81.0,0
20,206.0,562.3900970873786,265.52766693931244,100.58,998.55,115852.36,1.0,31.0,101.0,0.472141434050422,31.0,6.64516128817898,0.49029126211212176,1478.0,798731.07,540.4134438430311,78.0,0
21,206.0,556.8045145631067,266.8314620084522,100.96,998.45,114701.73,1.0,31.0,99.0,0.4792192861672964,31.0,6.64516128817898,0.4805825242485154,1380.0,747136.91,541.4035579710145,72.0,0
22,206.0,516.3961650485437,263.8454987878081,101.16,986.79,106377.61,1.0,31.0,86.0,0.5109362087495285,31.0,6.64516128817898,0.417475728135074,1294.0,704072.05,544.105139103555,76.0,0
23,206.0,537.6959708737863,245.09877281793493,104.29,997.76,110765.37,1.0,31.0,79.0,0.4558315220682745,31.0,6.64516128817898,0.3834951456124517,1510.0,818841.48,542.2791258278146,71.0,0
24,207.0,563.7113043478261,254.1227642029625,101.61,989.54,116688.24,1.0,31.0,94.0,0.4508030302717744,31.0,6.677419352684703,0.45410628017129917,1898.0,1020809.85,537.8344836670179,82.0,1
25,205.0,511.0421951219512,272.1690598376364,100.62,998.63,104763.65,1.0,31.0,103.0,0.5325764925680203,31.0,6.612903223673257,0.5024390243657346,1787.0,982614.05,549.8679630665921,84.0,0
26,205.0,573.8996097560976,260.3986467839374,102.19,990.39,117649.42,1.0,31.0,89.0,0.4537355355409063,31.0,6.612903223673257,0.43414634144223674,1766.0,977324.26,553.4112457531144,81.0,0
27,206.0,534.5138349514564,265.9411939368147,103.32,994.74,110109.85,1.0,31.0,81.0,0.49753846681254127,31.0,6.64516128817898,0.39320388347605806,1588.0,876558.87,551.9892128463476,80.0,0
28,206.0,527.5445631067962,254.69505235516147,101.26,998.94,108674.18000000001,1.0,31.0,78.0,0.482793436160905,31.0,6.64516128817898,0.3786407766806485,1347.0,728125.21,540.5532368225687,64.0,0
29,206.0,554.4800485436893,261.8057097823342,102.92,997.44,114222.89,1.0,31.0,84.0,0.47216434651748157,31.0,6.64516128817898,0.4077669902714676,1519.0,802773.84,528.4883739302172,69.0,0
30,206.0,544.9043689320389,255.76416155311063,106.17,996.42,112250.3,1.0,31.0,84.0,0.4693744005937968,31.0,6.64516128817898,0.4077669902714676,1785.0,962082.37,538.9817198879551,78.0,0
31,206.0,532.3102427184466,267.3563300047323,100.81,997.15,109655.91,1.0,31.0,86.0,0.5022565950156285,31.0,6.64516128817898,0.417475728135074,986.0,543344.29,551.0591176470589,68.0,0
32,206.0,551.7100970873786,265.9677563806125,101.06,999.2,113652.28,1.0,31.0,82.0,0.48207882686922865,31.0,6.64516128817898,0.39805825240786125,1686.0,917772.96,544.3493238434163,77.0,0
33,205.0,557.7290731707318,264.6302849345269,106.24,999.56,114334.46,1.0,31.0,81.0,0.47447819677991504,31.0,6.612903223673257,0.39512195120023796,1703.0,929707.08,545.9231238990018,74.0,0
34,206.0,562.1342233009708,263.7935656367399,106.97,998.06,115799.65,1.0,31.0,89.0,0.46927149192766754,31.0,6.64516128817898,0.43203883493048356,1269.0,697636.09,549.7526319936958,77.0,0
35,206.0,567.9140776699029,269.4654673796269,100.38,999.47,116990.3,1.0,31.0,81.0,0.47448280993574427,31.0,6.64516128817898,0.39320388347605806,1316.0,705625.72,536.1897568389057,77.0,0
36,206.0,549.6076699029126,259.21812552819114,101.66,991.71,113219.18,1.0,31.0,68.0,0.4716421180389736,31.0,6.64516128817898,0.3300970873626166,990.0,538935.4,544.379191919192,54.0,0
37,205.0,546.4266829268292,258.70410630172535,101.16,996.21,112017.47,1.0,31.0,68.0,0.4734470595602912,31.0,6.612903223673257,0.33170731705698986,693.0,376615.13,543.4561760461761,46.0,0
38,206.0,577.6258252427184,254.8118812542698,102.44,996.32,118990.92,1.0,31.0,70.0,0.4411365803161354,31.0,6.64516128817898,0.339805825226223,1248.0,679246.95,544.2683894230769,60.0,1
39,206.0,600.2872815533981,256.79521177890757,106.0,999.81,123659.18000000001,1.0,31.0,67.0,0.42778719400835197,31.0,6.64516128817898,0.3252427184308134,1168.0,634974.6,543.6426369863013,49.0,0
40,206.0,586.1650970873786,258.01502536648627,100.02,998.86,120750.01,1.0,31.0,68.0,0.44017466519952597,31.0,6.64516128817898,0.3300970873626166,2067.0,1103396.47,533.8154184808901,59.0,0
41,206.0,563.5740776699029,250.57621569703622,114.03,989.3,116096.26,1.0,31.0,74.0,0.4446198390255943,31.0,6.64516128817898,0.35922330095343574,1183.0,648940.47,548.5549196956889,57.0,0
42,204.0,548.2851960784313,273.8862454591057,101.36,995.08,111850.18,1.0,31.0,67.0,0.4995324466410203,31.0,6.580645159167534,0.32843137253292004,1329.0,723299.71,544.2435741158765,55.0,0
43,205.0,538.5144390243903,257.65243086508747,102.2,998.16,110395.46,1.0,31.0,70.0,0.4784503667665509,31.0,6.612903223673257,0.3414634146174896,1079.0,583587.64,540.8597219647822,54.0,0
44,206.0,553.9457766990291,266.5584635220713,108.78,997.81,114112.83,1.0,31.0,69.0,0.48119955910790585,31.0,6.64516128817898,0.3349514562944198,836.0,438692.86,524.7522248803828,47.0,0
45,206.0,562.8793203883495,260.96044609083225,105.52,998.47,115953.14,1.0,31.0,49.0,0.4636170430033753,31.0,6.64516128817898,0.2378640776583561,567.0,314325.59,554.3661199294534,38.0,0
46,204.0,566.0171568627451,263.8437647114263,100.14,999.69,115467.5,1.0,31.0,48.0,0.4661409314324813,31.0,6.580645159167534,0.2352941176355248,634.0,342371.32,540.0178548895899,40.0,0
47,205.0,542.2206341463415,257.42643859048394,102.48,997.66,111155.23,1.0,31.0,46.0,0.47476326494107335,31.0,6.612903223673257,0.22439024389149315,550.0,304430.55,553.5100909090909,34.0,0
48,205.0,536.9951219512195,256.3225650207821,111.77,991.36,110084.0,1.0,31.0,47.0,0.47732754831112434,31.0,6.612903223673257,0.229268292671743,465.0,242415.02,521.322623655914,36.0,0
49,206.0,535.9260194174757,252.731799262997,100.81,987.5,110400.76,1.0,31.0,43.0,0.471579639915576,31.0,6.64516128817898,0.208737864067537,690.0,371033.14,537.7291884057971,45.0,1
50,206.0,533.0454854368932,264.857727965287,104.31,998.3,109807.37,1.0,31.0,49.0,0.4968764114815386,31.0,6.64516128817898,0.2378640776583561,760.0,406644.83,535.0589868421052,44.0,0
51,206.0,571.3335436893204,262.12174705206155,105.87,996.24,117694.71,1.0,31.0,51.0,0.4587893533343985,31.0,6.64516128817898,0.24757281552196247,648.0,345898.39,533.7938117283951,39.0,0
52,205.0,577.6769268292683,260.0252280781193,100.54,999.77,118423.77,1.0,31.0,50.0,0.4501222326826085,31.0,6.612903223673257,0.24390243901249256,1046.0,556599.93,532.1223040152964,40.0,0
53,206.0,531.5115533980583,273.59433095951545,101.05,990.95,109491.38,1.0,31.0,51.0,0.514747664853615,31.0,6.64516128817898,0.24757281552196247,802.0,449636.67,560.6442269326683,47.0,1
54,205.0,546.2204390243902,256.54687562594444,104.89,998.09,111975.19,1.0,31.0,45.0,0.4696764479913432,31.0,6.612903223673257,0.21951219511124329,454.0,253334.36,558.0051982378855,36.0,0
55,207.0,566.523381642512,256.20070632896477,107.71,997.97,117270.34,1.0,31.0,47.0,0.45223324336878007,31.0,6.677419352684703,0.22705314008564959,711.0,374843.2,527.2056258790436,32.0,1
56,205.0,546.6626829268293,276.180246326387,101.01,998.92,112065.85,1.0,31.0,38.0,0.5052114493030093,31.0,6.612903223673257,0.18536585364949434,515.0,280111.25,543.9053398058253,32.0,0
57,206.0,554.5244660194174,261.1984378234693,101.96,995.51,114232.04,1.0,31.0,45.0,0.47103140406723326,31.0,6.64516128817898,0.21844660193114335,333.0,184235.91,553.260990990991,29.0,0
58,206.0,542.4578640776699,249.76697278844415,107.94,992.09,111746.31999999999,1.0,31.0,46.0,0.460435711828998,31.0,6.64516128817898,0.22330097086294654,846.0,447067.86,528.4490070921986,32.0,0
59,206.0,557.6139805825243,270.2019163526843,100.07,998.55,114868.48,1.0,31.0,43.0,0.4845680448427171,31.0,6.64516128817898,0.208737864067537,397.0,220579.76,555.6165239294711,26.0,0
60,205.0,526.9790243902439,254.5708980776536,101.22,999.85,108030.7,1.0,31.0,41.0,0.48307595993480257,31.0,6.612903223673257,0.1999999999902439,633.0,354800.7,560.50663507109,29.0,0
61,206.0,552.3440291262135,250.19012995442847,100.44,993.51,113782.87,1.0,31.0,43.0,0.45296068529190003,31.0,6.64516128817898,0.208737864067537,549.0,285234.54,519.5528961748633,29.0,0
62,206.0,548.0855825242719,261.6383347824011,102.02,997.78,112905.63,1.0,31.0,49.0,0.47736766505081496,31.0,6.64516128817898,0.2378640776583561,960.0,526837.52,548.7890833333333,35.0,1
63,206.0,549.0589805825242,265.02823266345,100.45,994.52,113106.15,1.0,31.0,41.0,0.482695378877951,31.0,6.64516128817898,0.19902912620393062,491.0,274104.52,558.2576782077393,33.0,0
64,206.0,548.7847572815534,255.54051693957592,100.57,992.22,113049.66,1.0,31.0,43.0,0.46564798592577283,31.0,6.64516128817898,0.208737864067537,611.0,311547.83,509.89824877250413,30.0,0
65,206.0,555.1896601941747,251.3067430449967,101.14,998.49,114369.07,1.0,31.0,44.0,0.4526502582064964,31.0,6.64516128817898,0.2135922329993402,447.0,245597.15,549.4343400447427,36.0,0
66,206.0,534.6604854368932,276.66804444554884,113.92,992.66,110140.06,1.0,31.0,21.0,0.5174649183477573,31.0,6.64516128817898,0.1019417475678669,413.0,224592.43,543.8073365617433,22.0,0
67,206.0,530.7609708737864,246.04716660068155,102.53,996.74,109336.76,1.0,31.0,27.0,0.46357433967117223,31.0,6.64516128817898,0.13106796115868602,335.0,174048.0,519.5462686567164,16.0,0
68,206.0,523.2271844660195,255.3708412807232,104.79,997.91,107784.8,1.0,31.0,24.0,0.48806875647422965,31.0,6.64516128817898,0.11650485436327646,465.0,263716.72,567.1327311827956,22.0,0
69,205.0,548.4670731707317,261.9645171437767,101.78,996.77,112435.75,1.0,31.0,26.0,0.47763034456118336,31.0,6.612903223673257,0.12682926828649613,502.0,287733.69,573.1746812749004,24.0,0
70,206.0,550.2716019417476,259.79600722416114,110.24,995.3,113355.95,1.0,31.0,25.0,0.4721232320597606,31.0,6.64516128817898,0.12135922329507964,378.0,202912.27,536.8049470899471,20.0,0
71,206.0,569.4340291262137,266.75110638905414,102.43,994.82,117303.41,1.0,31.0,23.0,0.46844953539867373,31.0,6.64516128817898,0.11165048543147327,357.0,186219.07,521.6220448179272,19.0,0
72,205.0,564.2115121951219,258.29595697639,100.56,997.07,115663.36,1.0,31.0,24.0,0.45779987006448253,31.0,6.612903223673257,0.11707317072599642,440.0,239851.0,545.1159090909091,21.0,0
73,206.0,571.2133980582524,246.36559927564085,107.59,989.52,117669.96,1.0,31.0,23.0,0.43130220703647326,31.0,6.64516128817898,0.11165048543147327,312.0,170325.46,545.9149358974358,22.0,0
74,206.0,544.1270388349515,269.56302996945016,100.83,999.8,112090.17,1.0,31.0,24.0,0.4954045851896397,31.0,6.64516128817898,0.11650485436327646,271.0,139286.43,513.9720664206642,24.0,0
75,205.0,544.7911707317073,248.04849913698908,102.6,993.72,111682.19,1.0,31.0,24.0,0.4553093230187318,31.0,6.612903223673257,0.11707317072599642,612.0,318321.05,520.1324346405229,25.0,0
76,205.0,569.1699512195122,255.78971290866951,102.21,996.7,116679.84,1.0,31.0,27.0,0.44940832234048284,31.0,6.612903223673257,0.131707317066746,363.0,190042.4,523.5327823691459,20.0,0
77,206.0,554.163349514563,252.6950046258777,100.77,998.53,114157.65,1.0,31.0,25.0,0.45599371528751215,31.0,6.64516128817898,0.12135922329507964,433.0,229965.09,531.0972055427252,19.0,0
78,206.0,533.2780097087378,247.77521823644307,108.76,998.28,109855.27,1.0,31.0,25.0,0.46462673074992344,31.0,6.64516128817898,0.12135922329507964,242.0,121157.74,500.6518181818182,20.0,0
79,206.0,534.5066990291263,262.74673962615105,103.51,995.24,110108.38,1.0,31.0,27.0,0.4915686559186002,31.0,6.64516128817898,0.13106796115868602,283.0,154278.65,545.1542402826855,20.0,0
80,205.0,537.2428780487804,253.76305243743133,107.53,999.99,110134.79,1.0,31.0,25.0,0.47234326000626253,31.0,6.612903223673257,0.12195121950624628,383.0,210542.97,549.7205483028721,19.0,0
81,206.0,550.0296601941748,261.05730393523334,101.93,997.92,113306.11,1.0,31.0,25.0,0.4746240481619247,31.0,6.64516128817898,0.12135922329507964,483.0,255749.54,529.5021532091098,19.0,0
82,206.0,551.1049514563107,256.05847269286454,102.79,993.44,113527.62,1.0,31.0,25.0,0.4646274217126454,31.0,6.64516128817898,0.12135922329507964,66.0,37642.69,570.3437878787879,17.0,0
83,206.0,555.2277669902912,252.80988500831248,102.49,997.22,114376.92,1.0,31.0,24.0,0.4553264444502825,31.0,6.64516128817898,0.11650485436327646,180.0,98901.61,549.4533888888889,17.0,0
84,206.0,580.7286407766991,257.74037905461506,101.07,983.29,119630.1,1.0,31.0,27.0,0.443822399917215,31.0,6.64516128817898,0.13106796115868602,259.0,137540.49,531.0443629343629,18.0,0
85,206.0,537.1298058252428,250.8623629412151,104.6,972.2,110648.74,1.0,31.0,25.0,0.4670423428674217,31.0,6.64516128817898,0.12135922329507964,230.0,120161.43,522.4409999999999,14.0,0
86,206.0,557.2306796116505,270.76119043428196,108.62,997.75,114789.52,1.0,31.0,26.0,0.4859050306026292,31.0,6.64516128817898,0.12621359222688283,226.0,129007.74,570.8307079646017,17.0,0
87,206.0,557.1626699029126,252.7655997495294,101.37,975.74,114775.51,1.0,31.0,27.0,0.45366571272450457,31.0,6.64516128817898,0.13106796115868602,225.0,121800.34,541.3348444444445,18.0,0
88,205.0,549.3160487804878,257.01031679433237,106.0,988.93,112609.79,1.0,31.0,26.0,0.4678733078347717,31.0,6.612903223673257,0.12682926828649613,189.0,108342.73,573.2419576719576,17.0,0
89,206.0,569.0268446601941,254.04744935378903,107.74,997.55,117219.53,1.0,31.0,24.0,0.44645951545754226,31.0,6.64516128817898,0.11650485436327646,188.0,105052.78,558.7913829787234,19.0,0
90,205.0,550.6200487804878,245.80138480101294,111.57,997.73,112877.11,1.0,31.0,25.0,0.44640834517549677,31.0,6.612903223673257,0.12195121950624628,344.0,183547.54,533.5684302325582,20.0,0
91,206.0,569.8478155339806,257.3550030800389,118.14,995.41,117388.65,1.0,31.0,16.0,0.4516205837068377,31.0,6.64516128817898,0.07766990290885097,195.0,105331.18,540.1598974358974,18.0,0
92,205.0,539.4329268292682,272.50515020716745,108.4,998.64,110583.75,1.0,31.0,17.0,0.50516966363895,31.0,6.612903223673257,0.08292682926424746,510.0,271269.25,531.9004901960784,20.0,0
93,207.0,569.2091304347825,241.90955121520741,108.16,998.61,117826.29,1.0,31.0,19.0,0.4249923943176706,31.0,6.677419352684703,0.09178743960909239,248.0,139950.71,564.317379032258,15.0,1
94,206.0,547.9170388349514,268.15545317189225,108.6,998.69,112870.91,1.0,31.0,16.0,0.48940885966456393,31.0,6.64516128817898,0.07766990290885097,214.0,112510.92,525.7519626168224,15.0,0
95,206.0,570.206359223301,257.1514450694653,103.18,998.13,117462.51,1.0,31.0,18.0,0.45097961624845945,31.0,6.64516128817898,0.08737864077245734,249.0,140137.44,562.8009638554217,19.0,0
96,205.0,585.5953658536586,252.34241787559566,100.3,999.31,120047.05,1.0,31.0,17.0,0.43091600887830006,31.0,6.612903223673257,0.08292682926424746,181.0,97341.02,537.7956906077349,19.0,0
97,205.0,562.5549756097561,273.73856632873304,101.63,997.51,115323.77,1.0,31.0,18.0,0.4865987826828133,31.0,6.612903223673257,0.08780487804449733,223.0,119769.34,537.0822421524664,20.0,1
98,206.0,561.8230582524272,263.7145667663199,101.94,994.74,115735.55,1.0,31.0,17.0,0.46939078574297133,31.0,6.64516128817898,0.08252427184065415,466.0,259954.52,557.8423175965665,22.0,0
99,206.0,556.0873300970874,261.92504854215923,101.34,999.29,114553.99,1.0,31.0,18.0,0.4710142352851656,31.0,6.64516128817898,0.08737864077245734,310.0,173231.61,558.8116451612902,19.0,0
100,206.0,522.7805339805825,265.90908512755254,101.21,986.1,107692.79,1.0,31.0,17.0,0.5086438148294609,31.0,6.64516128817898,0.08252427184065415,108.0,62805.93,581.5363888888888,20.0,0
101,206.0,498.1143689320388,265.55304417126194,100.55,999.79,102611.56,1.0,31.0,17.0,0.5331166108202793,31.0,6.64516128817898,0.08252427184065415,204.0,109859.84,538.5286274509804,18.0,0
102,206.0,511.0793203883495,258.371973813374,101.09,996.26,105282.34,1.0,31.0,15.0,0.5055418278555893,31.0,6.64516128817898,0.07281553397704779,191.0,106262.4,556.3476439790576,17.0,0
103,206.0,542.6140291262136,279.7885451564451,101.61,989.47,111778.49,1.0,31.0,16.0,0.5156308722829006,31.0,6.64516128817898,0.07766990290885097,352.0,183684.14,521.8299431818182,19.0,1
104,205.0,555.7705853658537,266.48880959408285,100.87,997.43,113932.97,1.0,31.0,17.0,0.4794942672503317,31.0,6.612903223673257,0.08292682926424746,273.0,153649.03,562.8169597069597,19.0,0
105,206.0,547.8195145631068,254.6260664769405,100.17,998.2,112850.82,1.0,31.0,15.0,0.464799189702762,31.0,6.64516128817898,0.07281553397704779,203.0,107160.35,527.8834975369458,13.0,0
106,206.0,570.2463106796117,252.3927268210718,102.8,993.33,117470.74,1.0,31.0,18.0,0.442602998195372,31.0,6.64516128817898,0.08737864077245734,129.0,70631.77,547.5331007751938,11.0,0
107,206.0,555.771067961165,255.57476922653245,102.05,994.35,114488.84,1.0,31.0,16.0,0.4598561961123755,31.0,6.64516128817898,0.07766990290885097,85.0,47284.67,556.2902352941177,11.0,0
108,206.0,586.1200485436893,255.550380678401,105.68,999.55,120740.73,1.0,31.0,19.0,0.43600347967792175,31.0,6.64516128817898,0.09223300970426053,272.0,149347.79,549.0727573529412,16.0,1
109,189.0,550.5789417989417,267.65560174140785,6.27,999.65,104059.42,1.0,31.0,17.0,0.48613483265818025,31.0,6.0967741915816855,0.08994708994233083,74.0,42013.96,567.7562162162162,13.0,0
110,206.0,548.9645145631068,271.81386019777744,100.93,999.16,113086.69,1.0,31.0,17.0,0.4951392175305702,31.0,6.64516128817898,0.08252427184065415,239.0,128626.91,538.1879079497908,16.0,0
111,205.0,561.9026829268292,268.83759301438226,105.49,993.32,115190.05,1.0,31.0,18.0,0.4784415543440389,31.0,6.612903223673257,0.08780487804449733,367.0,194477.63,529.9117983651226,19.0,0
112,205.0,544.8446341463415,261.7399069640261,102.96,997.14,111693.15,1.0,31.0,17.0,0.4803936582202269,31.0,6.612903223673257,0.08292682926424746,326.0,177919.26,545.7646012269939,16.0,0
113,205.0,541.865756097561,253.6602010487982,101.49,998.53,111082.48,1.0,31.0,17.0,0.4681236970406492,31.0,6.612903223673257,0.08292682926424746,136.0,69151.95,508.4702205882353,16.0,0
114,206.0,577.206213592233,261.32644753955145,101.66,995.97,118904.48,1.0,31.0,16.0,0.452743649290716,31.0,6.64516128817898,0.07766990290885097,244.0,129477.88,530.6470491803279,18.0,0
115,171.0,482.21321637426905,259.356463899886,2.8,999.22,82458.46,1.0,31.0,18.0,0.5378460296973869,31.0,5.516129030478668,0.1052631578885811,52.0,27140.65,521.935576923077,12.0,0
116,206.0,575.5106310679612,263.8963919587915,104.09,997.11,118555.19,1.0,31.0,17.0,0.4585430358853666,31.0,6.64516128817898,0.08252427184065415,491.0,276971.75,564.097250509165,15.0,0
117,210.0,512.7300476190476,256.17940784408694,104.89,974.35,107673.31,1.0,31.0,22.0,0.4996379849956226,31.0,6.7741935462018725,0.1047619047569161,237.0,128776.91,543.3624894514768,18.0,1
118,205.0,528.582243902439,252.4145234080107,102.6,998.68,108359.36,1.0,31.0,17.0,0.4775312192473567,31.0,6.612903223673257,0.08292682926424746,544.0,280147.53,514.9770772058824,17.0,0
119,206.0,578.681213592233,265.2231248847694,102.62,993.29,119208.33,1.0,31.0,17.0,0.45832337157410347,31.0,6.64516128817898,0.08252427184065415,263.0,144371.57,548.9413307984792,16.0,0
120,206.0,583.4036893203884,269.93892975459136,103.79,997.05,120181.16,1.0,31.0,10.0,0.46269664503565006,31.0,6.64516128817898,0.04854368931803186,255.0,131211.34,514.5542745098039,12.0,0
121,103.0,609.3318446601942,267.8875582994886,108.25,998.38,62761.18,1.0,31.0,9.0,0.4396414870528963,31.0,3.32258064408949,0.08737864076821567,258.0,136352.76,528.4990697674419,10.0,0
122,205.0,539.1671219512195,263.13188066176576,105.55,996.73,110529.26,1.0,31.0,10.0,0.48803398787489854,31.0,6.612903223673257,0.04878048780249851,200.0,117640.85,588.20425,11.0,0
123,176.0,530.7806818181817,268.9129843214629,62.9,999.28,93417.4,1.0,31.0,10.0,0.5066367212070321,31.0,5.677419353007284,0.05681818181495351,28.0,15162.8,541.5285714285714,9.0,0
124,206.0,547.8991747572816,258.1043954451301,103.72,999.76,112867.23,1.0,31.0,10.0,0.4710800952652632,31.0,6.64516128817898,0.04854368931803186,143.0,81128.02,567.3288111888112,12.0,0
125,206.0,541.6653398058253,257.2043464747315,104.32,983.32,111583.06,1.0,31.0,10.0,0.4748399566458969,31.0,6.64516128817898,0.04854368931803186,174.0,96368.12,553.8397701149426,12.0,0
126,205.0,540.7233658536585,262.75880488948195,102.85,998.0,110848.29,1.0,31.0,10.0,0.4859394312834923,31.0,6.612903223673257,0.04878048780249851,127.0,62248.05,490.142125984252,9.0,0
127,103.0,544.7744660194176,256.14466603215044,107.06,978.85,56111.770000000004,1.0,31.0,8.0,0.4701847865577436,31.0,3.32258064408949,0.07766990290508059,164.0,85617.04,522.0551219512195,13.0,0
128,207.0,550.5902898550725,261.3940745068529,115.01,997.61,113972.19,1.0,31.0,11.0,0.4747524235687304,31.0,6.677419352684703,0.05314009661579033,150.0,82827.03,552.1802,11.0,1
129,206.0,561.7820873786408,268.0740988261926,100.42,998.94,115727.11,1.0,31.0,10.0,0.47718520195667785,31.0,6.64516128817898,0.04854368931803186,135.0,74349.45,550.7366666666667,10.0,0
130,206.0,527.2453398058252,249.09312726246822,102.68,991.09,108612.54,1.0,31.0,11.0,0.4724425394627105,31.0,6.64516128817898,0.05339805824983505,279.0,150721.71,540.221182795699,13.0,1
131,200.0,560.4173000000001,262.7283841515883,24.72,989.55,112083.46,1.0,31.0,10.0,0.4688084827982651,31.0,6.451612901144641,0.049999999997499996,28.0,15445.61,551.6289285714286,8.0,0
132,206.0,537.558640776699,264.02175502214357,103.94,993.4,110737.08,1.0,31.0,10.0,0.49114968115061197,31.0,6.64516128817898,0.04854368931803186,331.0,187572.62,566.6846525679758,10.0,0
133,206.0,545.6821844660194,261.312763569775,111.08,997.92,112410.53,1.0,31.0,10.0,0.4788735476506264,31.0,6.64516128817898,0.04854368931803186,382.0,203786.24,533.4718324607329,10.0,0
134,206.0,564.5600970873786,247.60081367530574,103.76,999.96,116299.38,1.0,31.0,10.0,0.4385729968311914,31.0,6.64516128817898,0.04854368931803186,153.0,82457.77,538.9396732026144,11.0,0
135,206.0,560.4959223300971,247.76357624562817,103.15,996.0,115462.16,1.0,31.0,10.0,0.4420434946452482,31.0,6.64516128817898,0.04854368931803186,208.0,108071.6,519.575,11.0,0
136,0.0,0.0,0.0,0.0,0.0,0.0,0.0,0.0,0.0,0.0,0.0,0.0,0.0,209.0,118304.26,566.0490909090909,7.0,0
137,0.0,0.0,0.0,0.0,0.0,0.0,0.0,0.0,0.0,0.0,0.0,0.0,0.0,30.0,15319.47,510.649,7.0,0
138,0.0,0.0,0.0,0.0,0.0,0.0,0.0,0.0,0.0,0.0,0.0,0.0,0.0,22.0,13290.92,604.1327272727273,7.0,0
139,0.0,0.0,0.0,0.0,0.0,0.0,0.0,0.0,0.0,0.0,0.0,0.0,0.0,114.0,58764.17,515.4751754385965,8.0,0
140,0.0,0.0,0.0,0.0,0.0,0.0,0.0,0.0,0.0,0.0,0.0,0.0,0.0,174.0,97656.6,561.244827586207,7.0,0
141,0.0,0.0,0.0,0.0,0.0,0.0,0.0,0.0,0.0,0.0,0.0,0.0,0.0,72.0,39087.01,542.875138888889,7.0,0
142,0.0,0.0,0.0,0.0,0.0,0.0,0.0,0.0,0.0,0.0,0.0,0.0,0.0,269.0,137585.73,511.47111524163574,7.0,0
143,0.0,0.0,0.0,0.0,0.0,0.0,0.0,0.0,0.0,0.0,0.0,0.0,0.0,34.0,17693.14,520.3864705882353,6.0,0
144,0.0,0.0,0.0,0.0,0.0,0.0,0.0,0.0,0.0,0.0,0.0,0.0,0.0,101.0,54965.22,544.210099009901,8.0,0
145,0.0,0.0,0.0,0.0,0.0,0.0,0.0,0.0,0.0,0.0,0.0,0.0,0.0,47.0,26967.88,573.7846808510639,5.0,0
146,0.0,0.0,0.0,0.0,0.0,0.0,0.0,0.0,0.0,0.0,0.0,0.0,0.0,213.0,111302.75,522.5481220657277,9.0,0
147,0.0,0.0,0.0,0.0,0.0,0.0,0.0,0.0,0.0,0.0,0.0,0.0,0.0,202.0,110281.44,545.9477227722772,6.0,0
148,0.0,0.0,0.0,0.0,0.0,0.0,0.0,0.0,0.0,0.0,0.0,0.0,0.0,20.0,13023.02,651.1510000000001,7.0,0
149,0.0,0.0,0.0,0.0,0.0,0.0,0.0,0.0,0.0,0.0,0.0,0.0,0.0,129.0,74609.82,578.3706976744187,7.0,0
150,0.0,0.0,0.0,0.0,0.0,0.0,0.0,0.0,0.0,0.0,0.0,0.0,0.0,40.0,20956.31,523.9077500000001,7.0,0
151,0.0,0.0,0.0,0.0,0.0,0.0,0.0,0.0,0.0,0.0,0.0,0.0,0.0,124.0,69951.46,564.1246774193548,7.0,0
152,0.0,0.0,0.0,0.0,0.0,0.0,0.0,0.0,0.0,0.0,0.0,0.0,0.0,34.0,17637.16,518.74,9.0,0
153,0.0,0.0,0.0,0.0,0.0,0.0,0.0,0.0,0.0,0.0,0.0,0.0,0.0,34.0,21240.73,624.7273529411765,7.0,0
154,1.0,437.99,0.0,437.99,437.99,437.99,29.0,29.0,1.0,0.0,1.0,0.9999999900000002,0.9999999900000002,268.0,145972.01,544.6716791044777,9.0,1
155,0.0,0.0,0.0,0.0,0.0,0.0,0.0,0.0,0.0,0.0,0.0,0.0,0.0,133.0,75871.22,570.4603007518797,8.0,0
156,0.0,0.0,0.0,0.0,0.0,0.0,0.0,0.0,0.0,0.0,0.0,0.0,0.0,28.0,13689.41,488.90749999999997,5.0,0
157,0.0,0.0,0.0,0.0,0.0,0.0,0.0,0.0,0.0,0.0,0.0,0.0,0.0,95.0,51582.49,542.9735789473684,9.0,0
158,0.0,0.0,0.0,0.0,0.0,0.0,0.0,0.0,0.0,0.0,0.0,0.0,0.0,34.0,18748.14,551.4158823529411,6.0,0
159,0.0,0.0,0.0,0.0,0.0,0.0,0.0,0.0,0.0,0.0,0.0,0.0,0.0,191.0,108383.59,567.4533507853403,8.0,0
160,0.0,0.0,0.0,0.0,0.0,0.0,0.0,0.0,0.0,0.0,0.0,0.0,0.0,126.0,66183.6,525.2666666666668,7.0,0
161,0.0,0.0,0.0,0.0,0.0,0.0,0.0,0.0,0.0,0.0,0.0,0.0,0.0,34.0,19779.05,581.7367647058824,7.0,0
162,0.0,0.0,0.0,0.0,0.0,0.0,0.0,0.0,0.0,0.0,0.0,0.0,0.0,38.0,20568.94,541.2878947368421,9.0,0
163,0.0,0.0,0.0,0.0,0.0,0.0,0.0,0.0,0.0,0.0,0.0,0.0,0.0,105.0,53449.8,509.0457142857143,6.0,0
164,0.0,0.0,0.0,0.0,0.0,0.0,0.0,0.0,0.0,0.0,0.0,0.0,0.0,120.0,67457.28,562.144,9.0,0
165,0.0,0.0,0.0,0.0,0.0,0.0,0.0,0.0,0.0,0.0,0.0,0.0,0.0,160.0,87913.8,549.4612500000001,6.0,0
166,0.0,0.0,0.0,0.0,0.0,0.0,0.0,0.0,0.0,0.0,0.0,0.0,0.0,311.0,167687.07,539.1867202572347,9.0,0
167,0.0,0.0,0.0,0.0,0.0,0.0,0.0,0.0,0.0,0.0,0.0,0.0,0.0,74.0,36247.58,489.8321621621622,6.0,0
168,0.0,0.0,0.0,0.0,0.0,0.0,0.0,0.0,0.0,0.0,0.0,0.0,0.0,32.0,17211.88,537.87125,7.0,0
169,0.0,0.0,0.0,0.0,0.0,0.0,0.0,0.0,0.0,0.0,0.0,0.0,0.0,116.0,63259.51,545.3406034482758,5.0,0
170,0.0,0.0,0.0,0.0,0.0,0.0,0.0,0.0,0.0,0.0,0.0,0.0,0.0,208.0,116596.85,560.5617788461539,7.0,0
171,0.0,0.0,0.0,0.0,0.0,0.0,0.0,0.0,0.0,0.0,0.0,0.0,0.0,26.0,13808.97,531.1142307692307,6.0,0
172,0.0,0.0,0.0,0.0,0.0,0.0,0.0,0.0,0.0,0.0,0.0,0.0,0.0,161.0,86756.45,538.8599378881987,5.0,0
173,0.0,0.0,0.0,0.0,0.0,0.0,0.0,0.0,0.0,0.0,0.0,0.0,0.0,208.0,96209.96,462.54788461538465,6.0,0
174,0.0,0.0,0.0,0.0,0.0,0.0,0.0,0.0,0.0,0.0,0.0,0.0,0.0,30.0,17660.05,588.6683333333333,4.0,0
175,0.0,0.0,0.0,0.0,0.0,0.0,0.0,0.0,0.0,0.0,0.0,0.0,0.0,261.0,132555.34,507.87486590038316,7.0,0
176,1.0,422.15,0.0,422.15,422.15,422.15,20.0,20.0,1.0,0.0,1.0,0.9999999900000002,0.9999999900000002,31.0,15253.54,492.04967741935485,5.0,1
177,1.0,659.81,0.0,659.81,659.81,659.81,17.0,17.0,1.0,0.0,1.0,0.9999999900000002,0.9999999900000002,16.0,8423.28,526.455,3.0,1
178,0.0,0.0,0.0,0.0,0.0,0.0,0.0,0.0,0.0,0.0,0.0,0.0,0.0,12.0,6197.0,516.4166666666666,4.0,0
179,0.0,0.0,0.0,0.0,0.0,0.0,0.0,0.0,0.0,0.0,0.0,0.0,0.0,14.0,8534.09,609.5778571428572,5.0,0
180,1.0,476.06,0.0,476.06,476.06,476.06,15.0,15.0,1.0,0.0,1.0,0.9999999900000002,0.9999999900000002,112.0,57404.42,512.5394642857143,4.0,1
181,0.0,0.0,0.0,0.0,0.0,0.0,0.0,0.0,0.0,0.0,0.0,0.0,0.0,28.0,13715.18,489.82785714285717,6.0,0
182,0.0,0.0,0.0,0.0,0.0,0.0,0.0,0.0,0.0,0.0,0.0,0.0,0.0,136.0,70758.4,520.2823529411764,5.0,0
183,0.0,0.0,0.0,0.0,0.0,0.0,0.0,0.0,0.0,0.0,0.0,0.0,0.0,24.0,14263.23,594.30125,4.0,0
184,0.0,0.0,0.0,0.0,0.0,0.0,0.0,0.0,0.0,0.0,0.0,0.0,0.0,6.0,2986.15,497.69166666666666,3.0,0
185,0.0,0.0,0.0,0.0,0.0,0.0,0.0,0.0,0.0,0.0,0.0,0.0,0.0,20.0,10256.11,512.8055,4.0,0
186,0.0,0.0,0.0,0.0,0.0,0.0,0.0,0.0,0.0,0.0,0.0,0.0,0.0,12.0,6903.68,575.3066666666667,4.0,0
187,0.0,0.0,0.0,0.0,0.0,0.0,0.0,0.0,0.0,0.0,0.0,0.0,0.0,22.0,9823.66,446.53,5.0,0
188,0.0,0.0,0.0,0.0,0.0,0.0,0.0,0.0,0.0,0.0,0.0,0.0,0.0,142.0,85107.9,599.3514084507042,6.0,0
189,0.0,0.0,0.0,0.0,0.0,0.0,0.0,0.0,0.0,0.0,0.0,0.0,0.0,113.0,65848.72,582.7320353982301,4.0,0
190,0.0,0.0,0.0,0.0,0.0,0.0,0.0,0.0,0.0,0.0,0.0,0.0,0.0,86.0,47376.59,550.8905813953488,4.0,0
191,0.0,0.0,0.0,0.0,0.0,0.0,0.0,0.0,0.0,0.0,0.0,0.0,0.0,94.0,51729.29,550.3115957446809,6.0,0
192,0.0,0.0,0.0,0.0,0.0,0.0,0.0,0.0,0.0,0.0,0.0,0.0,0.0,38.0,20962.56,551.6463157894738,4.0,0
193,0.0,0.0,0.0,0.0,0.0,0.0,0.0,0.0,0.0,0.0,0.0,0.0,0.0,84.0,45154.39,537.5522619047618,4.0,0
194,0.0,0.0,0.0,0.0,0.0,0.0,0.0,0.0,0.0,0.0,0.0,0.0,0.0,114.0,61156.76,536.4628070175439,5.0,0
195,0.0,0.0,0.0,0.0,0.0,0.0,0.0,0.0,0.0,0.0,0.0,0.0,0.0,70.0,35574.29,508.20414285714287,4.0,0
196,0.0,0.0,0.0,0.0,0.0,0.0,0.0,0.0,0.0,0.0,0.0,0.0,0.0,51.0,25069.25,491.55392156862746,3.0,0
197,0.0,0.0,0.0,0.0,0.0,0.0,0.0,0.0,0.0,0.0,0.0,0.0,0.0,137.0,72983.1,532.7233576642336,4.0,0
198,0.0,0.0,0.0,0.0,0.0,0.0,0.0,0.0,0.0,0.0,0.0,0.0,0.0,12.0,5870.98,489.2483333333333,4.0,0
199,0.0,0.0,0.0,0.0,0.0,0.0,0.0,0.0,0.0,0.0,0.0,0.0,0.0,77.0,43437.88,564.1283116883117,5.0,0
200,0.0,0.0,0.0,0.0,0.0,0.0,0.0,0.0,0.0,0.0,0.0,0.0,0.0,243.0,136355.17,561.1323868312758,7.0,0
201,0.0,0.0,0.0,0.0,0.0,0.0,0.0,0.0,0.0,0.0,0.0,0.0,0.0,16.0,7850.51,490.656875,4.0,0
202,0.0,0.0,0.0,0.0,0.0,0.0,0.0,0.0,0.0,0.0,0.0,0.0,0.0,34.0,19983.82,587.7594117647059,4.0,0
203,0.0,0.0,0.0,0.0,0.0,0.0,0.0,0.0,0.0,0.0,0.0,0.0,0.0,35.0,20506.78,585.908,4.0,0
204,0.0,0.0,0.0,0.0,0.0,0.0,0.0,0.0,0.0,0.0,0.0,0.0,0.0,12.0,5278.0599999999995,439.8383333333333,4.0,0
205,0.0,0.0,0.0,0.0,0.0,0.0,0.0,0.0,0.0,0.0,0.0,0.0,0.0,113.0,60846.08,538.4608849557522,4.0,0
206,0.0,0.0,0.0,0.0,0.0,0.0,0.0,0.0,0.0,0.0,0.0,0.0,0.0,12.0,6270.2,522.5166666666667,3.0,0
207,0.0,0.0,0.0,0.0,0.0,0.0,0.0,0.0,0.0,0.0,0.0,0.0,0.0,91.0,46887.56,515.247912087912,5.0,0
208,0.0,0.0,0.0,0.0,0.0,0.0,0.0,0.0,0.0,0.0,0.0,0.0,0.0,104.0,52890.15,508.5591346153846,6.0,0
209,0.0,0.0,0.0,0.0,0.0,0.0,0.0,0.0,0.0,0.0,0.0,0.0,0.0,6.0,3684.71,614.1183333333333,3.0,0
210,103.0,560.1748543689321,229.4703108305618,104.17,985.79,57698.01,1.0,31.0,4.0,0.4096405060612304,31.0,3.32258064408949,0.038834951452540296,20.0,13530.619999999999,676.531,3.0,0
211,103.0,567.2198058252427,280.16580778343086,100.16,987.69,58423.64,1.0,31.0,3.0,0.4939281119968669,31.0,3.32258064408949,0.029126213589405224,27.0,12391.29,458.9366666666667,3.0,0
212,103.0,521.4311650485437,246.01718826171063,102.18,999.6,53707.41,1.0,31.0,4.0,0.47181143887724675,31.0,3.32258064408949,0.038834951452540296,16.0,9201.29,575.080625,4.0,0
213,103.0,510.92864077669907,258.1457710934435,100.52,999.76,52625.65,1.0,31.0,2.0,0.5052481902286104,31.0,3.32258064408949,0.019417475726270148,21.0,11457.06,545.5742857142857,4.0,0
214,103.0,549.3134951456311,239.79802483572539,105.83,989.78,56579.29,1.0,31.0,3.0,0.4365412955452441,31.0,3.32258064408949,0.029126213589405224,4.0,2628.79,657.1975,2.0,0
215,103.0,570.2166019417475,259.1634380438956,112.2,999.26,58732.31,1.0,31.0,4.0,0.454499986771389,31.0,3.32258064408949,0.038834951452540296,20.0,11269.49,563.4745,4.0,0
216,103.0,541.7346601941747,258.45521474532114,104.21,996.54,55798.67,1.0,31.0,1.0,0.47708820153377635,31.0,3.32258064408949,0.009708737863135074,6.0,2697.51,449.58500000000004,2.0,0
217,103.0,553.5309708737865,249.29349988582268,104.66,996.66,57013.69,1.0,31.0,2.0,0.45036956014907736,31.0,3.32258064408949,0.019417475726270148,8.0,5315.99,664.49875,3.0,0
218,103.0,506.2966990291262,248.44498705532044,103.47,993.66,52148.56,1.0,31.0,4.0,0.4907102644098432,31.0,3.32258064408949,0.038834951452540296,22.0,10106.18,459.3718181818182,4.0,0
219,103.0,594.0404854368932,257.5527341485799,127.02,990.56,61186.17,1.0,31.0,3.0,0.43356091118069917,31.0,3.32258064408949,0.029126213589405224,20.0,10478.6,523.9300000000001,4.0,0
220,104.0,512.3338461538461,254.6410775300128,126.5,995.79,53282.72,1.0,31.0,5.0,0.49702177483815446,31.0,3.354838708595213,0.0480769230723003,144.0,72987.77,506.8595138888889,6.0,1
221,103.0,545.885145631068,268.0457107083514,113.73,999.58,56226.17,1.0,31.0,3.0,0.4910295010749342,31.0,3.32258064408949,0.029126213589405224,4.0,2798.39,699.5975,2.0,0
222,103.0,501.94485436893206,267.19222439690276,100.78,981.23,51700.32,1.0,31.0,4.0,0.532313902744368,31.0,3.32258064408949,0.038834951452540296,12.0,6513.12,542.76,3.0,0
223,103.0,568.5795145631068,272.44052002542287,103.73,986.59,58563.69,1.0,31.0,4.0,0.4791599293371886,31.0,3.32258064408949,0.038834951452540296,59.0,35753.37,605.9893220338984,3.0,0
224,103.0,537.1012621359223,250.78199220649407,102.43,997.14,55321.43,1.0,31.0,4.0,0.466917525392745,31.0,3.32258064408949,0.038834951452540296,12.0,9662.38,805.1983333333333,4.0,0
225,103.0,573.9475728155339,256.1132119057478,101.52,999.47,59116.6,1.0,31.0,4.0,0.44623102184212904,31.0,3.32258064408949,0.038834951452540296,16.0,9247.02,577.93875,3.0,0
226,103.0,556.738932038835,277.81369527469593,103.25,999.26,57344.11,1.0,31.0,4.0,0.499001739023933,31.0,3.32258064408949,0.038834951452540296,108.0,60265.04,558.0096296296297,3.0,0
227,103.0,541.3866019417476,247.62217183725454,101.55,956.21,55762.82,1.0,31.0,4.0,0.4573851124954963,31.0,3.32258064408949,0.038834951452540296,149.0,74060.73,497.0518791946308,4.0,0
228,103.0,553.1043689320388,264.31497981433955,122.62,998.56,56969.75,1.0,31.0,3.0,0.47787541494187286,31.0,3.32258064408949,0.029126213589405224,84.0,39277.78,467.59261904761905,3.0,0
229,103.0,564.7771844660194,277.2526637451113,101.54,991.67,58172.05,1.0,31.0,4.0,0.4909062748388759,31.0,3.32258064408949,0.038834951452540296,18.0,8459.75,469.9861111111111,4.0,0
230,102.0,540.8495098039216,260.6754482447074,102.81,995.72,55166.65,1.0,31.0,4.0,0.4819740861638062,31.0,3.290322579583767,0.03921568627066513,4.0,2457.56,614.39,2.0,0
231,0.0,0.0,0.0,0.0,0.0,0.0,0.0,0.0,0.0,0.0,0.0,0.0,0.0,102.0,53941.54,528.8386274509804,4.0,0
232,0.0,0.0,0.0,0.0,0.0,0.0,0.0,0.0,0.0,0.0,0.0,0.0,0.0,136.0,73196.42,538.2089705882353,7.0,0
233,0.0,0.0,0.0,0.0,0.0,0.0,0.0,0.0,0.0,0.0,0.0,0.0,0.0,14.0,7539.35,538.525,4.0,0
234,0.0,0.0,0.0,0.0,0.0,0.0,0.0,0.0,0.0,0.0,0.0,0.0,0.0,16.0,8556.46,534.77875,4.0,0
235,0.0,0.0,0.0,0.0,0.0,0.0,0.0,0.0,0.0,0.0,0.0,0.0,0.0,12.0,4819.26,401.605,5.0,0
236,0.0,0.0,0.0,0.0,0.0,0.0,0.0,0.0,0.0,0.0,0.0,0.0,0.0,20.0,10121.46,506.073,4.0,0
237,0.0,0.0,0.0,0.0,0.0,0.0,0.0,0.0,0.0,0.0,0.0,0.0,0.0,10.0,4543.13,454.313,3.0,0
238,0.0,0.0,0.0,0.0,0.0,0.0,0.0,0.0,0.0,0.0,0.0,0.0,0.0,137.0,74272.28,542.1334306569343,5.0,0
239,0.0,0.0,0.0,0.0,0.0,0.0,0.0,0.0,0.0,0.0,0.0,0.0,0.0,46.0,24308.27,528.440652173913,5.0,0
240,0.0,0.0,0.0,0.0,0.0,0.0,0.0,0.0,0.0,0.0,0.0,0.0,0.0,71.0,36225.12,510.21295774647893,6.0,0
241,1.0,215.54,0.0,215.54,215.54,215.54,24.0,24.0,1.0,0.0,1.0,0.9999999900000002,0.9999999900000002,33.0,19359.16,586.6412121212121,7.0,1
242,0.0,0.0,0.0,0.0,0.0,0.0,0.0,0.0,0.0,0.0,0.0,0.0,0.0,123.0,69445.23,564.5953658536584,6.0,0
243,0.0,0.0,0.0,0.0,0.0,0.0,0.0,0.0,0.0,0.0,0.0,0.0,0.0,30.0,15062.49,502.08299999999997,6.0,0
244,1.0,242.29,0.0,242.29,242.29,242.29,2.0,2.0,1.0,0.0,1.0,0.9999999900000002,0.9999999900000002,29.0,16676.19,575.0410344827586,6.0,1
245,0.0,0.0,0.0,0.0,0.0,0.0,0.0,0.0,0.0,0.0,0.0,0.0,0.0,20.0,11939.62,596.981,5.0,0
246,0.0,0.0,0.0,0.0,0.0,0.0,0.0,0.0,0.0,0.0,0.0,0.0,0.0,140.0,78681.32,562.0094285714287,7.0,0
247,0.0,0.0,0.0,0.0,0.0,0.0,0.0,0.0,0.0,0.0,0.0,0.0,0.0,63.0,31706.0,503.26984126984127,5.0,0
248,0.0,0.0,0.0,0.0,0.0,0.0,0.0,0.0,0.0,0.0,0.0,0.0,0.0,6.0,3484.68,580.78,3.0,0
249,0.0,0.0,0.0,0.0,0.0,0.0,0.0,0.0,0.0,0.0,0.0,0.0,0.0,219.0,124821.81999999999,569.9626484018264,5.0,0
250,0.0,0.0,0.0,0.0,0.0,0.0,0.0,0.0,0.0,0.0,0.0,0.0,0.0,28.0,16675.95,595.5696428571429,5.0,0
251,0.0,0.0,0.0,0.0,0.0,0.0,0.0,0.0,0.0,0.0,0.0,0.0,0.0,96.0,51809.13,539.6784375,6.0,0
252,0.0,0.0,0.0,0.0,0.0,0.0,0.0,0.0,0.0,0.0,0.0,0.0,0.0,38.0,22005.2,579.0842105263158,6.0,0
253,0.0,0.0,0.0,0.0,0.0,0.0,0.0,0.0,0.0,0.0,0.0,0.0,0.0,4.0,2000.02,500.005,1.0,0
254,0.0,0.0,0.0,0.0,0.0,0.0,0.0,0.0,0.0,0.0,0.0,0.0,0.0,0.0,0.0,0.0,0.0,0
255,0.0,0.0,0.0,0.0,0.0,0.0,0.0,0.0,0.0,0.0,0.0,0.0,0.0,4.0,3189.42,797.355,1.0,0
256,0.0,0.0,0.0,0.0,0.0,0.0,0.0,0.0,0.0,0.0,0.0,0.0,0.0,71.0,37871.59,533.402676056338,1.0,0
257,0.0,0.0,0.0,0.0,0.0,0.0,0.0,0.0,0.0,0.0,0.0,0.0,0.0,90.0,52457.12,582.8568888888889,1.0,0
258,0.0,0.0,0.0,0.0,0.0,0.0,0.0,0.0,0.0,0.0,0.0,0.0,0.0,6.0,4372.18,728.6966666666667,1.0,0
259,0.0,0.0,0.0,0.0,0.0,0.0,0.0,0.0,0.0,0.0,0.0,0.0,0.0,0.0,0.0,0.0,0.0,0
260,0.0,0.0,0.0,0.0,0.0,0.0,0.0,0.0,0.0,0.0,0.0,0.0,0.0,14.0,6842.41,488.74357142857144,1.0,0
261,0.0,0.0,0.0,0.0,0.0,0.0,0.0,0.0,0.0,0.0,0.0,0.0,0.0,8.0,4023.52,502.94,1.0,0
262,0.0,0.0,0.0,0.0,0.0,0.0,0.0,0.0,0.0,0.0,0.0,0.0,0.0,8.0,4651.73,581.46625,1.0,0
263,0.0,0.0,0.0,0.0,0.0,0.0,0.0,0.0,0.0,0.0,0.0,0.0,0.0,6.0,2051.74,341.95666666666665,1.0,0
264,0.0,0.0,0.0,0.0,0.0,0.0,0.0,0.0,0.0,0.0,0.0,0.0,0.0,191.0,101757.03,532.7593193717278,2.0,0
265,1.0,172.21,0.0,172.21,172.21,172.21,17.0,17.0,1.0,0.0,1.0,0.9999999900000002,0.9999999900000002,10.0,4907.72,490.77200000000005,1.0,1
266,0.0,0.0,0.0,0.0,0.0,0.0,0.0,0.0,0.0,0.0,0.0,0.0,0.0,84.0,47852.92,569.677619047619,1.0,0
267,0.0,0.0,0.0,0.0,0.0,0.0,0.0,0.0,0.0,0.0,0.0,0.0,0.0,0.0,0.0,0.0,0.0,0
268,0.0,0.0,0.0,0.0,0.0,0.0,0.0,0.0,0.0,0.0,0.0,0.0,0.0,0.0,0.0,0.0,0.0,0
269,0.0,0.0,0.0,0.0,0.0,0.0,0.0,0.0,0.0,0.0,0.0,0.0,0.0,6.0,2041.93,340.32166666666666,1.0,0
270,0.0,0.0,0.0,0.0,0.0,0.0,0.0,0.0,0.0,0.0,0.0,0.0,0.0,0.0,0.0,0.0,0.0,0
271,0.0,0.0,0.0,0.0,0.0,0.0,0.0,0.0,0.0,0.0,0.0,0.0,0.0,54.0,28943.6,535.9925925925926,2.0,0
272,0.0,0.0,0.0,0.0,0.0,0.0,0.0,0.0,0.0,0.0,0.0,0.0,0.0,92.0,50267.909999999996,546.3903260869565,1.0,0
273,0.0,0.0,0.0,0.0,0.0,0.0,0.0,0.0,0.0,0.0,0.0,0.0,0.0,0.0,0.0,0.0,0.0,0
274,0.0,0.0,0.0,0.0,0.0,0.0,0.0,0.0,0.0,0.0,0.0,0.0,0.0,0.0,0.0,0.0,0.0,0
275,0.0,0.0,0.0,0.0,0.0,0.0,0.0,0.0,0.0,0.0,0.0,0.0,0.0,6.0,3239.63,539.9383333333334,1.0,0
276,103.0,610.407572815534,252.05709123158866,136.04,998.75,62871.979999999996,1.0,31.0,3.0,0.41293244457114775,31.0,3.32258064408949,0.029126213589405224,20.0,12790.78,639.539,4.0,0
277,103.0,529.2243689320388,266.5624395332939,102.71,986.07,54510.11,1.0,31.0,3.0,0.5036851195385678,31.0,3.32258064408949,0.029126213589405224,16.0,9022.85,563.928125,2.0,0
278,103.0,512.2694174757281,256.82957789174026,100.17,962.69,52763.75,1.0,31.0,2.0,0.501356452532901,31.0,3.32258064408949,0.019417475726270148,71.0,38898.59,547.8674647887324,3.0,0
279,103.0,534.9787378640776,255.18273461280612,106.46,987.69,55102.81,1.0,31.0,3.0,0.47699603095790805,31.0,3.32258064408949,0.029126213589405224,14.0,8958.02,639.8585714285715,4.0,0
280,103.0,588.8825242718447,253.79050963698555,108.99,991.12,60654.9,1.0,31.0,3.0,0.43096967420877147,31.0,3.32258064408949,0.029126213589405224,12.0,6893.8099999999995,574.4841666666666,4.0,0
281,101.0,577.1150495049505,261.61151246313204,57.88,995.77,58288.62,1.0,31.0,2.0,0.4533091151981037,31.0,3.2580645150780434,0.01980198019605921,4.0,2858.69,714.6725,1.0,0
282,102.0,560.5477450980393,255.41347998923555,116.51,997.99,57175.87,1.0,31.0,3.0,0.4556498214795378,31.0,3.290322579583767,0.02941176470299885,39.0,21330.33,546.9315384615385,3.0,0
283,102.0,545.0099019607843,265.556516460515,116.03,990.57,55591.01,1.0,31.0,2.0,0.48725081049032093,31.0,3.290322579583767,0.019607843135332564,82.0,42420.18,517.319268292683,3.0,0
284,290.0,469.32141379310343,267.0191241451442,9.61,994.22,136103.21,1.0,31.0,3.0,0.5689472423203088,31.0,9.354838706659729,0.010344827585850178,122.0,63804.28,522.9859016393442,4.0,0
285,103.0,530.2247572815534,267.0652593114049,101.68,991.26,54613.15,1.0,31.0,3.0,0.5036831185997495,31.0,3.32258064408949,0.029126213589405224,16.0,7773.2300000000005,485.82687500000003,3.0,0
286,103.0,575.6956310679611,255.49978982252165,122.24,995.14,59296.65,1.0,31.0,3.0,0.44381054159488953,31.0,3.32258064408949,0.029126213589405224,20.0,10981.93,549.0965,4.0,0
287,102.0,541.0342156862745,260.81458494431587,101.52,971.79,55185.49,1.0,31.0,3.0,0.48206671108344806,31.0,3.290322579583767,0.02941176470299885,8.0,4794.05,599.25625,3.0,0
288,103.0,512.0397087378641,269.0350521643074,105.1,990.01,52740.09,1.0,31.0,2.0,0.5254183368360289,31.0,3.32258064408949,0.019417475726270148,12.0,5458.12,454.8433333333333,4.0,0
289,103.0,525.2861165048544,253.3845862198216,104.39,991.3,54104.47,1.0,31.0,3.0,0.4823744208222496,31.0,3.32258064408949,0.029126213589405224,8.0,3881.89,485.23625,3.0,0
290,103.0,534.5104854368932,262.4427747012657,108.0,988.07,55054.58,1.0,31.0,1.0,0.4909964946372244,31.0,3.32258064408949,0.009708737863135074,44.0,25632.36,582.5536363636364,4.0,0
291,102.0,574.5504901960785,260.82776227431134,105.05,992.88,58604.15,1.0,31.0,2.0,0.4539683921960596,31.0,3.290322579583767,0.019607843135332564,28.0,16060.75,573.5982142857143,4.0,0
292,102.0,520.6045098039216,264.07839421719376,109.82,992.97,53101.659999999996,1.0,31.0,2.0,0.5072533741814543,31.0,3.290322579583767,0.019607843135332564,14.0,6965.88,497.5628571428571,3.0,0
293,103.0,565.5561165048543,268.6185085465821,110.69,991.73,58252.28,1.0,31.0,3.0,0.47496349292780893,31.0,3.32258064408949,0.029126213589405224,62.0,35613.63,574.4133870967742,4.0,0
294,103.0,516.4124271844661,266.9052644536459,100.61,999.51,53190.48,1.0,31.0,2.0,0.5168451617318206,31.0,3.32258064408949,0.019417475726270148,12.0,6427.03,535.5858333333333,3.0,0
295,104.0,538.2039423076923,254.55454746246795,106.58,997.15,55973.21,1.0,31.0,4.0,0.4729704252374445,31.0,3.354838708595213,0.03846153845784024,15.0,9290.28,619.3520000000001,5.0,1
296,0.0,0.0,0.0,0.0,0.0,0.0,0.0,0.0,0.0,0.0,0.0,0.0,0.0,81.0,42036.42,518.9681481481481,2.0,0
297,0.0,0.0,0.0,0.0,0.0,0.0,0.0,0.0,0.0,0.0,0.0,0.0,0.0,8.0,4879.18,609.8975,3.0,0
298,0.0,0.0,0.0,0.0,0.0,0.0,0.0,0.0,0.0,0.0,0.0,0.0,0.0,4.0,2424.38,606.095,2.0,0
299,0.0,0.0,0.0,0.0,0.0,0.0,0.0,0.0,0.0,0.0,0.0,0.0,0.0,6.0,3210.44,535.0733333333334,2.0,0
300,0.0,0.0,0.0,0.0,0.0,0.0,0.0,0.0,0.0,0.0,0.0,0.0,0.0,124.0,69796.69,562.8765322580646,5.0,0
301,0.0,0.0,0.0,0.0,0.0,0.0,0.0,0.0,0.0,0.0,0.0,0.0,0.0,24.0,16069.62,669.5675,6.0,0
302,0.0,0.0,0.0,0.0,0.0,0.0,0.0,0.0,0.0,0.0,0.0,0.0,0.0,24.0,11958.54,498.27250000000004,6.0,0
303,0.0,0.0,0.0,0.0,0.0,0.0,0.0,0.0,0.0,0.0,0.0,0.0,0.0,10.0,5304.63,530.463,4.0,0
304,0.0,0.0,0.0,0.0,0.0,0.0,0.0,0.0,0.0,0.0,0.0,0.0,0.0,148.0,76406.34,516.259054054054,5.0,0
305,0.0,0.0,0.0,0.0,0.0,0.0,0.0,0.0,0.0,0.0,0.0,0.0,0.0,26.0,14817.09,569.8880769230769,5.0,0
306,0.0,0.0,0.0,0.0,0.0,0.0,0.0,0.0,0.0,0.0,0.0,0.0,0.0,26.0,14562.96,560.1138461538461,5.0,0
307,0.0,0.0,0.0,0.0,0.0,0.0,0.0,0.0,0.0,0.0,0.0,0.0,0.0,16.0,7975.5599999999995,498.47249999999997,4.0,0
308,0.0,0.0,0.0,0.0,0.0,0.0,0.0,0.0,0.0,0.0,0.0,0.0,0.0,71.0,34369.86,484.0825352112676,4.0,0
309,0.0,0.0,0.0,0.0,0.0,0.0,0.0,0.0,0.0,0.0,0.0,0.0,0.0,14.0,5732.36,409.4542857142857,4.0,0
310,0.0,0.0,0.0,0.0,0.0,0.0,0.0,0.0,0.0,0.0,0.0,0.0,0.0,20.0,12033.119999999999,601.656,3.0,0
311,0.0,0.0,0.0,0.0,0.0,0.0,0.0,0.0,0.0,0.0,0.0,0.0,0.0,46.0,24561.38,533.9430434782608,4.0,0
312,0.0,0.0,0.0,0.0,0.0,0.0,0.0,0.0,0.0,0.0,0.0,0.0,0.0,131.0,68714.42,524.5375572519084,4.0,0
313,0.0,0.0,0.0,0.0,0.0,0.0,0.0,0.0,0.0,0.0,0.0,0.0,0.0,26.0,14852.21,571.2388461538461,5.0,0
314,0.0,0.0,0.0,0.0,0.0,0.0,0.0,0.0,0.0,0.0,0.0,0.0,0.0,43.0,23599.2,548.8186046511628,5.0,0
315,0.0,0.0,0.0,0.0,0.0,0.0,0.0,0.0,0.0,0.0,0.0,0.0,0.0,184.0,95009.01,516.3533152173912,4.0,0
316,0.0,0.0,0.0,0.0,0.0,0.0,0.0,0.0,0.0,0.0,0.0,0.0,0.0,72.0,39516.71,548.8431944444444,4.0,0
317,0.0,0.0,0.0,0.0,0.0,0.0,0.0,0.0,0.0,0.0,0.0,0.0,0.0,14.0,7072.84,505.20285714285717,4.0,0
318,0.0,0.0,0.0,0.0,0.0,0.0,0.0,0.0,0.0,0.0,0.0,0.0,0.0,114.0,60057.67,526.8216666666666,4.0,0
319,0.0,0.0,0.0,0.0,0.0,0.0,0.0,0.0,0.0,0.0,0.0,0.0,0.0,30.0,13246.960000000001,441.56533333333334,6.0,0
320,0.0,0.0,0.0,0.0,0.0,0.0,0.0,0.0,0.0,0.0,0.0,0.0,0.0,24.0,14969.08,623.7116666666667,5.0,0
321,0.0,0.0,0.0,0.0,0.0,0.0,0.0,0.0,0.0,0.0,0.0,0.0,0.0,8.0,4200.32,525.04,4.0,0
322,0.0,0.0,0.0,0.0,0.0,0.0,0.0,0.0,0.0,0.0,0.0,0.0,0.0,128.0,71706.64,560.208125,6.0,0
323,0.0,0.0,0.0,0.0,0.0,0.0,0.0,0.0,0.0,0.0,0.0,0.0,0.0,105.0,60627.38,577.403619047619,5.0,0
324,0.0,0.0,0.0,0.0,0.0,0.0,0.0,0.0,0.0,0.0,0.0,0.0,0.0,142.0,76226.61,536.8071126760564,6.0,0
325,103.0,594.8882524271844,268.3568629803992,118.67,994.29,61273.49,1.0,31.0,4.0,0.4511046602130299,31.0,3.32258064408949,0.038834951452540296,71.0,40309.81,567.7438028169014,8.0,0
326,103.0,507.51194174757285,265.28507346263376,102.74,990.82,52273.73,1.0,31.0,4.0,0.5227169089734534,31.0,3.32258064408949,0.038834951452540296,68.0,36357.89,534.6748529411765,8.0,0
327,103.0,522.1056310679611,250.09823025328134,100.82,979.61,53776.88,1.0,31.0,4.0,0.4790184502260933,31.0,3.32258064408949,0.038834951452540296,162.0,92563.17,571.3775925925926,10.0,0
328,110.0,525.7356363636363,257.85058815518846,107.15,982.54,57830.92,1.0,31.0,10.0,0.4904567434951965,31.0,3.5483870956295522,0.09090909090082645,303.0,152051.52,501.8201980198019,10.0,1
329,103.0,553.104854368932,272.1355591838055,104.14,976.58,56969.8,1.0,31.0,3.0,0.49201441106384775,31.0,3.32258064408949,0.029126213589405224,106.0,56312.28,531.2479245283018,8.0,0
330,102.0,521.8783333333333,249.886861017293,119.97,992.7,53231.59,1.0,31.0,4.0,0.47882206455368864,31.0,3.290322579583767,0.03921568627066513,26.0,14131.7,543.5269230769231,7.0,0
331,104.0,581.5761538461538,268.2315812089975,105.16,998.59,60483.92,1.0,31.0,5.0,0.4612148889366972,31.0,3.354838708595213,0.0480769230723003,49.0,22900.46,467.35632653061225,8.0,1
332,103.0,551.4700970873786,266.5225214796544,107.22,987.08,56801.42,1.0,31.0,3.0,0.48329460270371083,31.0,3.32258064408949,0.029126213589405224,33.0,20253.09,613.73,8.0,0
333,103.0,586.4398058252427,273.8285502523345,106.2,991.72,60403.3,1.0,31.0,4.0,0.46693377142489745,31.0,3.32258064408949,0.038834951452540296,140.0,77386.38,552.7598571428572,9.0,0
334,0.0,0.0,0.0,0.0,0.0,0.0,0.0,0.0,0.0,0.0,0.0,0.0,0.0,90.0,51506.82,572.298,8.0,0
335,103.0,558.521067961165,276.02628852464653,108.24,998.98,57527.67,1.0,31.0,1.0,0.4942092686446289,31.0,3.32258064408949,0.009708737863135074,255.0,137376.84,538.7327058823529,10.0,0
336,103.0,540.2947572815534,266.70821187959166,113.19,998.16,55650.36,1.0,31.0,2.0,0.4936346471629203,31.0,3.32258064408949,0.019417475726270148,159.0,86111.82,541.5837735849057,9.0,0
337,0.0,0.0,0.0,0.0,0.0,0.0,0.0,0.0,0.0,0.0,0.0,0.0,0.0,148.0,72962.73,492.9914189189189,7.0,0
338,0.0,0.0,0.0,0.0,0.0,0.0,0.0,0.0,0.0,0.0,0.0,0.0,0.0,153.0,84867.68,554.6907189542483,8.0,0
339,103.0,528.8779611650485,250.16103010080633,100.64,979.22,54474.43,1.0,31.0,2.0,0.4730033173343137,31.0,3.32258064408949,0.019417475726270148,162.0,90186.23,556.7051234567901,9.0,0
340,102.0,527.8194117647059,255.74282278799407,108.12,995.66,53837.58,1.0,31.0,3.0,0.4845271262913596,31.0,3.290322579583767,0.02941176470299885,61.0,35203.74,577.1104918032787,8.0,0
341,103.0,520.9921359223301,236.16259831821955,104.14,993.9,53662.19,1.0,31.0,4.0,0.45329397898799356,31.0,3.32258064408949,0.038834951452540296,117.0,59689.08,510.1630769230769,10.0,0
342,0.0,0.0,0.0,0.0,0.0,0.0,0.0,0.0,0.0,0.0,0.0,0.0,0.0,24.0,14141.53,589.2304166666667,7.0,0
343,0.0,0.0,0.0,0.0,0.0,0.0,0.0,0.0,0.0,0.0,0.0,0.0,0.0,38.0,19575.329999999998,515.1402631578947,6.0,0
344,0.0,0.0,0.0,0.0,0.0,0.0,0.0,0.0,0.0,0.0,0.0,0.0,0.0,14.0,7636.84,545.4885714285714,6.0,0
345,103.0,553.4620388349514,267.8334875691415,106.05,996.74,57006.59,1.0,31.0,3.0,0.4839238624713938,31.0,3.32258064408949,0.029126213589405224,169.0,92293.98,546.118224852071,7.0,0
346,0.0,0.0,0.0,0.0,0.0,0.0,0.0,0.0,0.0,0.0,0.0,0.0,0.0,221.0,120536.54,545.4142081447964,6.0,0
347,0.0,0.0,0.0,0.0,0.0,0.0,0.0,0.0,0.0,0.0,0.0,0.0,0.0,52.0,28412.86,546.4011538461539,8.0,0
348,104.0,558.8257692307692,265.2284904108458,102.64,987.3,58117.88,1.0,31.0,2.0,0.4746175015715363,31.0,3.354838708595213,0.01923076922892012,86.0,45903.39,533.7603488372093,10.0,1
349,109.0,529.6078899082569,261.12947808359354,108.78,995.92,57727.26,1.0,31.0,10.0,0.49306191062202254,31.0,3.516129031123829,0.09174311925763826,107.0,59763.45,558.5369158878505,7.0,1
350,103.0,569.3496116504855,253.48186778917133,110.35,992.42,58643.01,1.0,31.0,3.0,0.4452130336049612,31.0,3.32258064408949,0.029126213589405224,250.0,135763.65,543.0545999999999,10.0,0
351,0.0,0.0,0.0,0.0,0.0,0.0,0.0,0.0,0.0,0.0,0.0,0.0,0.0,10.0,5914.22,591.422,4.0,0
352,0.0,0.0,0.0,0.0,0.0,0.0,0.0,0.0,0.0,0.0,0.0,0.0,0.0,87.0,50846.39,584.4412643678161,3.0,0
353,0.0,0.0,0.0,0.0,0.0,0.0,0.0,0.0,0.0,0.0,0.0,0.0,0.0,14.0,8225.42,587.53,4.0,0
354,0.0,0.0,0.0,0.0,0.0,0.0,0.0,0.0,0.0,0.0,0.0,0.0,0.0,10.0,5304.53,530.453,4.0,0
355,0.0,0.0,0.0,0.0,0.0,0.0,0.0,0.0,0.0,0.0,0.0,0.0,0.0,6.0,1970.74,328.45666666666665,3.0,0
356,0.0,0.0,0.0,0.0,0.0,0.0,0.0,0.0,0.0,0.0,0.0,0.0,0.0,20.0,9360.58,468.029,3.0,0
357,0.0,0.0,0.0,0.0,0.0,0.0,0.0,0.0,0.0,0.0,0.0,0.0,0.0,91.0,47101.25,517.5961538461538,3.0,0
358,0.0,0.0,0.0,0.0,0.0,0.0,0.0,0.0,0.0,0.0,0.0,0.0,0.0,99.0,52227.22,527.5476767676768,4.0,0
359,0.0,0.0,0.0,0.0,0.0,0.0,0.0,0.0,0.0,0.0,0.0,0.0,0.0,89.0,51659.9,580.4483146067416,4.0,0
360,0.0,0.0,0.0,0.0,0.0,0.0,0.0,0.0,0.0,0.0,0.0,0.0,0.0,106.0,57272.43,540.3059433962264,4.0,0
361,0.0,0.0,0.0,0.0,0.0,0.0,0.0,0.0,0.0,0.0,0.0,0.0,0.0,104.0,57027.5,548.3413461538462,4.0,0
362,0.0,0.0,0.0,0.0,0.0,0.0,0.0,0.0,0.0,0.0,0.0,0.0,0.0,18.0,9877.26,548.7366666666667,3.0,0
363,0.0,0.0,0.0,0.0,0.0,0.0,0.0,0.0,0.0,0.0,0.0,0.0,0.0,10.0,5814.03,581.403,3.0,0
364,0.0,0.0,0.0,0.0,0.0,0.0,0.0,0.0,0.0,0.0,0.0,0.0,0.0,118.0,63777.51,540.4873728813559,3.0,0
365,0.0,0.0,0.0,0.0,0.0,0.0,0.0,0.0,0.0,0.0,0.0,0.0,0.0,135.0,74192.65,549.5751851851851,4.0,0
366,0.0,0.0,0.0,0.0,0.0,0.0,0.0,0.0,0.0,0.0,0.0,0.0,0.0,10.0,5340.67,534.067,4.0,0
367,0.0,0.0,0.0,0.0,0.0,0.0,0.0,0.0,0.0,0.0,0.0,0.0,0.0,242.0,130112.84,537.6563636363636,4.0,0
368,0.0,0.0,0.0,0.0,0.0,0.0,0.0,0.0,0.0,0.0,0.0,0.0,0.0,34.0,18373.31,540.3914705882353,4.0,0
369,0.0,0.0,0.0,0.0,0.0,0.0,0.0,0.0,0.0,0.0,0.0,0.0,0.0,60.0,29515.32,491.92199999999997,4.0,0
370,0.0,0.0,0.0,0.0,0.0,0.0,0.0,0.0,0.0,0.0,0.0,0.0,0.0,112.0,62604.73,558.9708035714286,4.0,0
371,0.0,0.0,0.0,0.0,0.0,0.0,0.0,0.0,0.0,0.0,0.0,0.0,0.0,12.0,6684.63,557.0525,3.0,0
372,0.0,0.0,0.0,0.0,0.0,0.0,0.0,0.0,0.0,0.0,0.0,0.0,0.0,8.0,5167.05,645.88125,3.0,0
373,0.0,0.0,0.0,0.0,0.0,0.0,0.0,0.0,0.0,0.0,0.0,0.0,0.0,83.0,42199.83,508.43168674698796,4.0,0
374,0.0,0.0,0.0,0.0,0.0,0.0,0.0,0.0,0.0,0.0,0.0,0.0,0.0,27.0,12160.789999999999,450.3996296296296,2.0,0
375,0.0,0.0,0.0,0.0,0.0,0.0,0.0,0.0,0.0,0.0,0.0,0.0,0.0,30.0,13464.93,448.831,4.0,0
376,0.0,0.0,0.0,0.0,0.0,0.0,0.0,0.0,0.0,0.0,0.0,0.0,0.0,98.0,54465.52,555.770612244898,4.0,0
377,0.0,0.0,0.0,0.0,0.0,0.0,0.0,0.0,0.0,0.0,0.0,0.0,0.0,108.0,64085.65,593.3856481481481,3.0,0
378,176.0,559.225340909091,247.26716619859405,9.93,995.29,98423.66,1.0,31.0,3.0,0.4421601599673732,31.0,5.677419353007284,0.01704545454448605,4.0,2354.9700000000003,588.7425000000001,1.0,0
379,226.0,549.4961504424779,266.0576809536766,48.6,997.98,124186.13,1.0,31.0,2.0,0.48418479498827005,31.0,7.290322578293444,0.00884955752173232,70.0,36727.29,524.6755714285714,2.0,0
380,138.0,517.8241304347825,282.43028629837386,79.01,990.58,71459.73,1.0,31.0,3.0,0.5454173911435563,31.0,4.451612901789802,0.02173913043320731,8.0,4029.16,503.645,2.0,0
381,176.0,547.0189204545454,260.0937915125991,66.7,997.1,96275.33,1.0,31.0,2.0,0.4754749457143446,31.0,5.677419353007284,0.011363636362990702,2.0,1771.54,885.77,1.0,0
382,162.0,558.01,257.70514456526416,28.94,994.8,90397.62,1.0,31.0,3.0,0.46182890012839534,31.0,5.225806449927159,0.0185185185173754,10.0,5767.48,576.7479999999999,2.0,0
383,124.0,570.8360483870968,251.18161939128856,87.75,987.6,70783.67,1.0,31.0,3.0,0.440024101660371,31.0,3.9999999987096775,0.02419354838514568,4.0,1785.67,446.4175,2.0,0
384,208.0,480.9336057692308,280.3007740987626,0.7,997.55,100034.19,1.0,31.0,3.0,0.5828263417870464,31.0,6.709677417190426,0.014423076922383505,37.0,19426.69,525.0456756756756,2.0,0
385,196.0,530.0220408163266,261.1898308970295,23.85,996.06,103884.32,1.0,31.0,3.0,0.4927905082773984,31.0,6.322580643121748,0.015306122448198666,6.0,4003.17,667.195,2.0,0
386,282.0,429.481914893617,277.3838177303587,4.82,986.45,121113.9,1.0,31.0,2.0,0.6458568058508548,31.0,9.096774190613944,0.007092198581308787,115.0,63017.21,547.9757391304348,2.0,0
387,148.0,523.9014864864864,256.70882084536197,36.38,990.43,77537.42,1.0,31.0,3.0,0.4899944502201438,31.0,4.774193546847034,0.020270270268900655,12.0,7057.97,588.1641666666667,2.0,0
388,131.0,492.9625190839694,246.52678048421654,49.78,999.15,64578.09,1.0,31.0,3.0,0.5000923415786569,31.0,4.22580645024974,0.022900763357030476,11.0,5640.53,512.7754545454545,2.0,0
389,138.0,486.78876811594205,268.90732004882955,17.92,984.01,67176.85,1.0,31.0,2.0,0.552410691569732,31.0,4.451612901789802,0.014492753622138206,12.0,6537.32,544.7766666666666,2.0,0
390,123.0,514.2050406504065,292.27268352523015,18.85,999.24,63247.22,1.0,31.0,3.0,0.5683971575810632,31.0,3.967741934203954,0.02439024390045608,12.0,5397.650000000001,449.80416666666673,2.0,0
391,153.0,547.2454901960784,272.669923845039,3.36,997.55,83728.56,1.0,31.0,3.0,0.498258877825304,31.0,4.93548386937565,0.019607843135973343,8.0,4616.06,577.0075,1.0,0
392,120.0,515.3745,278.1562257209262,98.63,993.93,61844.94,1.0,31.0,2.0,0.5397167025445168,31.0,3.8709677406867846,0.016666666665277777,12.0,6965.96,580.4966666666667,1.0,0
393,185.0,504.8818918918919,258.4837310059781,82.32,995.88,93403.15,1.0,31.0,3.0,0.5119687102111524,31.0,5.967741933558793,0.016216216215339665,4.0,2060.16,515.04,1.0,0
394,199.0,512.0924120603015,260.23651777769703,13.46,997.92,101906.39,1.0,31.0,4.0,0.5081827257029753,31.0,6.4193548366389175,0.020100502511552737,22.0,11168.55,507.6613636363636,2.0,1
395,277.0,520.0892418772563,273.216450353906,100.13,999.48,144064.72,1.0,31.0,3.0,0.5253260947342057,31.0,8.935483868085328,0.010830324909356306,97.0,50446.93,520.071443298969,2.0,0
396,129.0,461.3153488372093,246.2120524537947,66.72,965.66,59509.68,1.0,31.0,3.0,0.533717451780131,31.0,4.161290321238293,0.023255813951685595,6.0,3322.34,553.7233333333334,2.0,0
397,219.0,534.0039726027397,263.7506422849158,29.54,997.49,116946.87,1.0,31.0,3.0,0.493911386079122,31.0,7.064516126753381,0.013698630136360792,71.0,34823.0,490.46478873239437,3.0,1
398,141.0,560.0444680851064,289.74829459235707,72.32,992.09,78966.27,1.0,31.0,2.0,0.5173665862246357,31.0,4.548387095306972,0.014184397162114582,6.0,4267.73,711.2883333333333,2.0,0
399,166.0,500.7663855421687,258.0449516728165,59.3,981.37,83127.22,1.0,31.0,3.0,0.5153000662939545,31.0,5.3548387079500515,0.018072289155537814,4.0,1165.47,291.3675,2.0,0
400,232.0,524.0287931034483,260.5924831192898,14.97,988.52,121574.68,1.0,31.0,2.0,0.4972865738369332,31.0,7.4838709653277835,0.008620689654800832,82.0,46071.21,561.8440243902439,2.0,0
401,197.0,520.323654822335,278.52081416531297,56.78,994.09,102503.76,1.0,31.0,3.0,0.5352837826584327,31.0,6.354838707627471,0.01522842639516607,14.0,7251.71,517.9792857142858,2.0,0
402,156.0,553.011923076923,281.3159743159107,0.66,997.51,86269.86,1.0,31.0,3.0,0.5086978464145937,31.0,5.0322580628928195,0.01923076922953649,3.0,1056.81,352.27,2.0,1
403,137.0,544.0308029197081,270.9870692135849,2.62,987.16,74532.22,1.0,31.0,2.0,0.4981097903910378,31.0,4.419354837284079,0.014598540144919814,6.0,3138.13,523.0216666666666,2.0,0
404,104.0,560.7992307692308,263.5385553992561,93.53,988.06,58323.12,1.0,31.0,2.0,0.46993387461154174,31.0,3.354838708595213,0.01923076922892012,2.0,873.3199999999999,436.65999999999997,1.0,0
405,135.0,502.44651851851853,282.0764790104329,21.67,998.1,67830.28,1.0,31.0,3.0,0.5614059777676067,31.0,4.3548387082726325,0.02222222222057613,18.0,8656.25,480.90277777777777,2.0,0
406,0.0,0.0,0.0,0.0,0.0,0.0,0.0,0.0,0.0,0.0,0.0,0.0,0.0,0.0,0.0,0.0,0.0,0
407,0.0,0.0,0.0,0.0,0.0,0.0,0.0,0.0,0.0,0.0,0.0,0.0,0.0,0.0,0.0,0.0,0.0,0
408,0.0,0.0,0.0,0.0,0.0,0.0,0.0,0.0,0.0,0.0,0.0,0.0,0.0,0.0,0.0,0.0,0.0,0
409,0.0,0.0,0.0,0.0,0.0,0.0,0.0,0.0,0.0,0.0,0.0,0.0,0.0,0.0,0.0,0.0,0.0,0
410,0.0,0.0,0.0,0.0,0.0,0.0,0.0,0.0,0.0,0.0,0.0,0.0,0.0,0.0,0.0,0.0,0.0,0
411,0.0,0.0,0.0,0.0,0.0,0.0,0.0,0.0,0.0,0.0,0.0,0.0,0.0,0.0,0.0,0.0,0.0,0
412,0.0,0.0,0.0,0.0,0.0,0.0,0.0,0.0,0.0,0.0,0.0,0.0,0.0,0.0,0.0,0.0,0.0,0
413,0.0,0.0,0.0,0.0,0.0,0.0,0.0,0.0,0.0,0.0,0.0,0.0,0.0,0.0,0.0,0.0,0.0,0
414,0.0,0.0,0.0,0.0,0.0,0.0,0.0,0.0,0.0,0.0,0.0,0.0,0.0,0.0,0.0,0.0,0.0,0
415,0.0,0.0,0.0,0.0,0.0,0.0,0.0,0.0,0.0,0.0,0.0,0.0,0.0,0.0,0.0,0.0,0.0,0
416,0.0,0.0,0.0,0.0,0.0,0.0,0.0,0.0,0.0,0.0,0.0,0.0,0.0,0.0,0.0,0.0,0.0,0
417,0.0,0.0,0.0,0.0,0.0,0.0,0.0,0.0,0.0,0.0,0.0,0.0,0.0,0.0,0.0,0.0,0.0,0
418,0.0,0.0,0.0,0.0,0.0,0.0,0.0,0.0,0.0,0.0,0.0,0.0,0.0,0.0,0.0,0.0,0.0,0
419,0.0,0.0,0.0,0.0,0.0,0.0,0.0,0.0,0.0,0.0,0.0,0.0,0.0,0.0,0.0,0.0,0.0,0
420,0.0,0.0,0.0,0.0,0.0,0.0,0.0,0.0,0.0,0.0,0.0,0.0,0.0,0.0,0.0,0.0,0.0,0
421,0.0,0.0,0.0,0.0,0.0,0.0,0.0,0.0,0.0,0.0,0.0,0.0,0.0,72.0,38668.01,537.0556944444445,1.0,0
422,0.0,0.0,0.0,0.0,0.0,0.0,0.0,0.0,0.0,0.0,0.0,0.0,0.0,0.0,0.0,0.0,0.0,0
423,0.0,0.0,0.0,0.0,0.0,0.0,0.0,0.0,0.0,0.0,0.0,0.0,0.0,0.0,0.0,0.0,0.0,0
424,1.0,615.19,0.0,615.19,615.19,615.19,1.0,1.0,1.0,0.0,1.0,0.9999999900000002,0.9999999900000002,0.0,0.0,0.0,0.0,1
425,0.0,0.0,0.0,0.0,0.0,0.0,0.0,0.0,0.0,0.0,0.0,0.0,0.0,0.0,0.0,0.0,0.0,0
426,0.0,0.0,0.0,0.0,0.0,0.0,0.0,0.0,0.0,0.0,0.0,0.0,0.0,0.0,0.0,0.0,0.0,0
427,0.0,0.0,0.0,0.0,0.0,0.0,0.0,0.0,0.0,0.0,0.0,0.0,0.0,0.0,0.0,0.0,0.0,0
428,0.0,0.0,0.0,0.0,0.0,0.0,0.0,0.0,0.0,0.0,0.0,0.0,0.0,0.0,0.0,0.0,0.0,0
429,0.0,0.0,0.0,0.0,0.0,0.0,0.0,0.0,0.0,0.0,0.0,0.0,0.0,155.0,85758.72,553.282064516129,1.0,0
430,0.0,0.0,0.0,0.0,0.0,0.0,0.0,0.0,0.0,0.0,0.0,0.0,0.0,0.0,0.0,0.0,0.0,0
431,0.0,0.0,0.0,0.0,0.0,0.0,0.0,0.0,0.0,0.0,0.0,0.0,0.0,0.0,0.0,0.0,0.0,0
432,0.0,0.0,0.0,0.0,0.0,0.0,0.0,0.0,0.0,0.0,0.0,0.0,0.0,0.0,0.0,0.0,0.0,0
433,0.0,0.0,0.0,0.0,0.0,0.0,0.0,0.0,0.0,0.0,0.0,0.0,0.0,45.0,26736.62,594.1471111111111,1.0,0
434,0.0,0.0,0.0,0.0,0.0,0.0,0.0,0.0,0.0,0.0,0.0,0.0,0.0,0.0,0.0,0.0,0.0,0
435,0.0,0.0,0.0,0.0,0.0,0.0,0.0,0.0,0.0,0.0,0.0,0.0,0.0,6.0,2465.86,410.9766666666667,2.0,0
436,0.0,0.0,0.0,0.0,0.0,0.0,0.0,0.0,0.0,0.0,0.0,0.0,0.0,116.0,66617.01,574.2845689655172,3.0,0
437,0.0,0.0,0.0,0.0,0.0,0.0,0.0,0.0,0.0,0.0,0.0,0.0,0.0,10.0,5946.94,594.694,3.0,0
438,0.0,0.0,0.0,0.0,0.0,0.0,0.0,0.0,0.0,0.0,0.0,0.0,0.0,108.0,56281.72,521.1270370370371,2.0,0
439,0.0,0.0,0.0,0.0,0.0,0.0,0.0,0.0,0.0,0.0,0.0,0.0,0.0,2.0,1208.4099999999999,604.2049999999999,1.0,0
440,0.0,0.0,0.0,0.0,0.0,0.0,0.0,0.0,0.0,0.0,0.0,0.0,0.0,22.0,14146.36,643.0163636363636,3.0,0
441,0.0,0.0,0.0,0.0,0.0,0.0,0.0,0.0,0.0,0.0,0.0,0.0,0.0,8.0,4426.64,553.33,3.0,0
442,0.0,0.0,0.0,0.0,0.0,0.0,0.0,0.0,0.0,0.0,0.0,0.0,0.0,14.0,8420.7,601.4785714285715,3.0,0
443,0.0,0.0,0.0,0.0,0.0,0.0,0.0,0.0,0.0,0.0,0.0,0.0,0.0,108.0,53667.52,496.92148148148146,2.0,0
444,0.0,0.0,0.0,0.0,0.0,0.0,0.0,0.0,0.0,0.0,0.0,0.0,0.0,37.0,19867.84,536.9686486486487,2.0,0
445,0.0,0.0,0.0,0.0,0.0,0.0,0.0,0.0,0.0,0.0,0.0,0.0,0.0,84.0,47332.19,563.4784523809524,3.0,0
446,0.0,0.0,0.0,0.0,0.0,0.0,0.0,0.0,0.0,0.0,0.0,0.0,0.0,172.0,93564.9,543.981976744186,5.0,0
447,0.0,0.0,0.0,0.0,0.0,0.0,0.0,0.0,0.0,0.0,0.0,0.0,0.0,105.0,59990.45,571.337619047619,2.0,0
448,0.0,0.0,0.0,0.0,0.0,0.0,0.0,0.0,0.0,0.0,0.0,0.0,0.0,8.0,3048.35,381.04375,3.0,0
449,0.0,0.0,0.0,0.0,0.0,0.0,0.0,0.0,0.0,0.0,0.0,0.0,0.0,8.0,5492.75,686.59375,2.0,0
450,0.0,0.0,0.0,0.0,0.0,0.0,0.0,0.0,0.0,0.0,0.0,0.0,0.0,2.0,1023.53,511.765,1.0,0
451,0.0,0.0,0.0,0.0,0.0,0.0,0.0,0.0,0.0,0.0,0.0,0.0,0.0,76.0,41567.17,546.936447368421,2.0,0
452,0.0,0.0,0.0,0.0,0.0,0.0,0.0,0.0,0.0,0.0,0.0,0.0,0.0,37.0,20005.13,540.6791891891892,2.0,0
453,0.0,0.0,0.0,0.0,0.0,0.0,0.0,0.0,0.0,0.0,0.0,0.0,0.0,18.0,10467.25,581.5138888888889,3.0,0
454,0.0,0.0,0.0,0.0,0.0,0.0,0.0,0.0,0.0,0.0,0.0,0.0,0.0,83.0,45085.96,543.2043373493976,3.0,0
455,0.0,0.0,0.0,0.0,0.0,0.0,0.0,0.0,0.0,0.0,0.0,0.0,0.0,8.0,5588.87,698.60875,3.0,0
456,0.0,0.0,0.0,0.0,0.0,0.0,0.0,0.0,0.0,0.0,0.0,0.0,0.0,55.0,30166.34,548.478909090909,4.0,0
457,0.0,0.0,0.0,0.0,0.0,0.0,0.0,0.0,0.0,0.0,0.0,0.0,0.0,88.0,45819.89,520.6805681818182,3.0,0
458,0.0,0.0,0.0,0.0,0.0,0.0,0.0,0.0,0.0,0.0,0.0,0.0,0.0,15.0,9027.69,601.846,3.0,0
459,0.0,0.0,0.0,0.0,0.0,0.0,0.0,0.0,0.0,0.0,0.0,0.0,0.0,16.0,7414.49,463.405625,3.0,0
460,0.0,0.0,0.0,0.0,0.0,0.0,0.0,0.0,0.0,0.0,0.0,0.0,0.0,4.0,1497.04,374.26,2.0,0
461,0.0,0.0,0.0,0.0,0.0,0.0,0.0,0.0,0.0,0.0,0.0,0.0,0.0,14.0,7742.75,553.0535714285714,3.0,0
462,0.0,0.0,0.0,0.0,0.0,0.0,0.0,0.0,0.0,0.0,0.0,0.0,0.0,6.0,2485.05,414.175,2.0,0
463,0.0,0.0,0.0,0.0,0.0,0.0,0.0,0.0,0.0,0.0,0.0,0.0,0.0,19.0,12272.85,645.9394736842105,4.0,1
464,0.0,0.0,0.0,0.0,0.0,0.0,0.0,0.0,0.0,0.0,0.0,0.0,0.0,6.0,2898.45,483.075,3.0,0
465,0.0,0.0,0.0,0.0,0.0,0.0,0.0,0.0,0.0,0.0,0.0,0.0,0.0,2.0,1706.33,853.165,1.0,0
466,0.0,0.0,0.0,0.0,0.0,0.0,0.0,0.0,0.0,0.0,0.0,0.0,0.0,6.0,3403.84,567.3066666666667,2.0,0
467,0.0,0.0,0.0,0.0,0.0,0.0,0.0,0.0,0.0,0.0,0.0,0.0,0.0,2.0,1104.2,552.1,1.0,0
468,0.0,0.0,0.0,0.0,0.0,0.0,0.0,0.0,0.0,0.0,0.0,0.0,0.0,10.0,6950.86,695.086,1.0,0
469,0.0,0.0,0.0,0.0,0.0,0.0,0.0,0.0,0.0,0.0,0.0,0.0,0.0,4.0,2480.4700000000003,620.1175000000001,2.0,0
470,0.0,0.0,0.0,0.0,0.0,0.0,0.0,0.0,0.0,0.0,0.0,0.0,0.0,10.0,5619.68,561.9680000000001,2.0,0
471,0.0,0.0,0.0,0.0,0.0,0.0,0.0,0.0,0.0,0.0,0.0,0.0,0.0,8.0,5076.110000000001,634.5137500000001,2.0,0
472,0.0,0.0,0.0,0.0,0.0,0.0,0.0,0.0,0.0,0.0,0.0,0.0,0.0,0.0,0.0,0.0,0.0,0
473,0.0,0.0,0.0,0.0,0.0,0.0,0.0,0.0,0.0,0.0,0.0,0.0,0.0,8.0,4140.93,517.61625,2.0,0
474,0.0,0.0,0.0,0.0,0.0,0.0,0.0,0.0,0.0,0.0,0.0,0.0,0.0,6.0,4084.8,680.8000000000001,2.0,0
475,0.0,0.0,0.0,0.0,0.0,0.0,0.0,0.0,0.0,0.0,0.0,0.0,0.0,6.0,3850.95,641.8249999999999,2.0,0
476,0.0,0.0,0.0,0.0,0.0,0.0,0.0,0.0,0.0,0.0,0.0,0.0,0.0,10.0,4324.55,432.45500000000004,2.0,0
477,0.0,0.0,0.0,0.0,0.0,0.0,0.0,0.0,0.0,0.0,0.0,0.0,0.0,6.0,2193.14,365.5233333333333,2.0,0
478,0.0,0.0,0.0,0.0,0.0,0.0,0.0,0.0,0.0,0.0,0.0,0.0,0.0,104.0,62299.77,599.03625,1.0,0
479,0.0,0.0,0.0,0.0,0.0,0.0,0.0,0.0,0.0,0.0,0.0,0.0,0.0,0.0,0.0,0.0,0.0,0
480,0.0,0.0,0.0,0.0,0.0,0.0,0.0,0.0,0.0,0.0,0.0,0.0,0.0,60.0,32514.86,541.9143333333334,2.0,0
481,0.0,0.0,0.0,0.0,0.0,0.0,0.0,0.0,0.0,0.0,0.0,0.0,0.0,80.0,44122.3,551.5287500000001,2.0,0
482,0.0,0.0,0.0,0.0,0.0,0.0,0.0,0.0,0.0,0.0,0.0,0.0,0.0,10.0,5830.52,583.052,1.0,0
483,0.0,0.0,0.0,0.0,0.0,0.0,0.0,0.0,0.0,0.0,0.0,0.0,0.0,2.0,1357.31,678.655,1.0,0
484,0.0,0.0,0.0,0.0,0.0,0.0,0.0,0.0,0.0,0.0,0.0,0.0,0.0,0.0,0.0,0.0,0.0,0
485,1.0,108.68,0.0,108.68,108.68,108.68,14.0,14.0,1.0,0.0,1.0,0.9999999900000002,0.9999999900000002,13.0,6652.76,511.75076923076927,3.0,1
486,0.0,0.0,0.0,0.0,0.0,0.0,0.0,0.0,0.0,0.0,0.0,0.0,0.0,4.0,3006.92,751.73,2.0,0
487,0.0,0.0,0.0,0.0,0.0,0.0,0.0,0.0,0.0,0.0,0.0,0.0,0.0,6.0,3099.42,516.57,2.0,0
488,0.0,0.0,0.0,0.0,0.0,0.0,0.0,0.0,0.0,0.0,0.0,0.0,0.0,8.0,3813.81,476.72625,1.0,0
489,0.0,0.0,0.0,0.0,0.0,0.0,0.0,0.0,0.0,0.0,0.0,0.0,0.0,2.0,1063.38,531.69,1.0,0
490,0.0,0.0,0.0,0.0,0.0,0.0,0.0,0.0,0.0,0.0,0.0,0.0,0.0,6.0,2624.76,437.46000000000004,2.0,0
491,0.0,0.0,0.0,0.0,0.0,0.0,0.0,0.0,0.0,0.0,0.0,0.0,0.0,2.0,622.67,311.335,1.0,0
492,0.0,0.0,0.0,0.0,0.0,0.0,0.0,0.0,0.0,0.0,0.0,0.0,0.0,2.0,1204.53,602.265,1.0,0
493,0.0,0.0,0.0,0.0,0.0,0.0,0.0,0.0,0.0,0.0,0.0,0.0,0.0,6.0,3659.11,609.8516666666667,2.0,0
494,0.0,0.0,0.0,0.0,0.0,0.0,0.0,0.0,0.0,0.0,0.0,0.0,0.0,8.0,4022.63,502.82875,2.0,0
495,0.0,0.0,0.0,0.0,0.0,0.0,0.0,0.0,0.0,0.0,0.0,0.0,0.0,12.0,6471.38,539.2816666666666,2.0,0
496,104.0,545.528173076923,268.7874039710997,106.47,996.59,56734.93,1.0,31.0,1.0,0.49271039926341587,31.0,3.354838708595213,0.00961538461446006,0.0,0.0,0.0,0.0,0
497,104.0,510.78413461538463,257.7188638228053,105.09,983.47,53121.55,1.0,31.0,1.0,0.5045553421736944,31.0,3.354838708595213,0.00961538461446006,0.0,0.0,0.0,0.0,0
498,104.0,571.2621153846154,250.01065967438572,112.97,998.39,59411.26,1.0,31.0,1.0,0.4376461399014423,31.0,3.354838708595213,0.00961538461446006,0.0,0.0,0.0,0.0,0
499,104.0,492.60096153846155,264.07623568108824,102.22,991.49,51230.5,1.0,31.0,1.0,0.5360855059051863,31.0,3.354838708595213,0.00961538461446006,0.0,0.0,0.0,0.0,0
500,103.0,579.1980582524272,260.44487914839874,113.78,998.39,59657.4,1.0,31.0,1.0,0.4496646275536968,31.0,3.32258064408949,0.009708737863135074,0.0,0.0,0.0,0.0,0
501,103.0,562.1847572815534,269.48395948423956,117.02,999.75,57905.03,1.0,31.0,1.0,0.47935123816329844,31.0,3.32258064408949,0.009708737863135074,0.0,0.0,0.0,0.0,0
502,104.0,574.9141346153846,244.73879809786897,118.52,997.48,59791.07,1.0,31.0,1.0,0.4256962620293574,31.0,3.354838708595213,0.00961538461446006,0.0,0.0,0.0,0.0,0
503,104.0,524.14375,256.3189324691246,111.01,996.35,54510.95,1.0,31.0,1.0,0.48902411306866556,31.0,3.354838708595213,0.00961538461446006,0.0,0.0,0.0,0.0,0
504,104.0,534.7395192307692,280.34016393188983,103.19,979.08,55612.91,1.0,31.0,1.0,0.5242555559198632,31.0,3.354838708595213,0.00961538461446006,0.0,0.0,0.0,0.0,0
505,104.0,522.6529807692307,241.496994227932,115.64,991.68,54355.909999999996,1.0,31.0,1.0,0.46205991950506187,31.0,3.354838708595213,0.00961538461446006,0.0,0.0,0.0,0.0,0
506,104.0,523.8877884615384,260.2117551950018,105.59,987.66,54484.33,1.0,31.0,1.0,0.4966936831151934,31.0,3.354838708595213,0.00961538461446006,0.0,0.0,0.0,0.0,0
507,104.0,590.1542307692308,267.9111071554642,111.3,998.37,61376.04,1.0,31.0,1.0,0.4539679513975836,31.0,3.354838708595213,0.00961538461446006,0.0,0.0,0.0,0.0,0
508,104.0,547.3892307692308,267.3721050168662,108.67,982.01,56928.48,1.0,31.0,1.0,0.4884496990126224,31.0,3.354838708595213,0.00961538461446006,0.0,0.0,0.0,0.0,0
509,104.0,562.8198076923077,254.27218876354416,105.78,986.9,58533.26,1.0,31.0,1.0,0.4517825870443358,31.0,3.354838708595213,0.00961538461446006,0.0,0.0,0.0,0.0,0
510,104.0,499.78423076923076,260.9775690271577,101.17,996.95,51977.56,1.0,31.0,1.0,0.5221804790044268,31.0,3.354838708595213,0.00961538461446006,0.0,0.0,0.0,0.0,0
511,104.0,541.8574038461538,250.91184261229577,105.88,996.07,56353.17,1.0,31.0,1.0,0.46305880629602875,31.0,3.354838708595213,0.00961538461446006,0.0,0.0,0.0,0.0,0
512,103.0,544.3268932038835,269.1529366110123,100.58,999.44,56065.67,1.0,31.0,1.0,0.4944692977079372,31.0,3.32258064408949,0.009708737863135074,0.0,0.0,0.0,0.0,0
513,104.0,582.7978846153846,257.73784639327397,100.14,993.04,60610.98,1.0,31.0,1.0,0.44224224760003156,31.0,3.354838708595213,0.00961538461446006,0.0,0.0,0.0,0.0,0
514,104.0,507.50990384615386,249.0271206912943,105.34,989.35,52781.03,1.0,31.0,1.0,0.49068425817730904,31.0,3.354838708595213,0.00961538461446006,0.0,0.0,0.0,0.0,0
515,104.0,583.8367307692307,251.75745450323066,114.65,994.03,60719.02,1.0,31.0,1.0,0.43121208589808485,31.0,3.354838708595213,0.00961538461446006,0.0,0.0,0.0,0.0,0
516,103.0,546.0933009708738,265.6272772447283,100.18,993.43,56247.61,1.0,31.0,1.0,0.4864137259468626,31.0,3.32258064408949,0.009708737863135074,0.0,0.0,0.0,0.0,0
517,104.0,571.6928846153846,262.30318493405616,100.55,992.13,59456.06,1.0,31.0,1.0,0.4588183480820066,31.0,3.354838708595213,0.00961538461446006,0.0,0.0,0.0,0.0,0
518,104.0,551.1296153846154,242.82379709728585,110.91,992.85,57317.48,1.0,31.0,1.0,0.44059290285720015,31.0,3.354838708595213,0.00961538461446006,0.0,0.0,0.0,0.0,0
519,103.0,484.89106796116505,247.66084977564256,103.39,999.42,49943.78,1.0,31.0,1.0,0.5107556441736109,31.0,3.32258064408949,0.009708737863135074,0.0,0.0,0.0,0.0,0
520,104.0,551.0684615384615,250.9618823134485,104.92,992.19,57311.12,1.0,31.0,1.0,0.45540962661565537,31.0,3.354838708595213,0.00961538461446006,0.0,0.0,0.0,0.0,0
521,104.0,513.1423076923077,237.78294086716645,133.85,950.1,53366.8,1.0,31.0,1.0,0.4633859599920436,31.0,3.354838708595213,0.00961538461446006,0.0,0.0,0.0,0.0,0
522,104.0,562.4359615384616,249.19558720913045,110.56,994.17,58493.340000000004,1.0,31.0,1.0,0.4430648184782879,31.0,3.354838708595213,0.00961538461446006,0.0,0.0,0.0,0.0,0
523,92.0,563.7355434782609,266.6555891006272,73.13,994.89,51863.67,1.0,31.0,1.0,0.47301539202340537,31.0,2.9677419345265346,0.01086956521620983,0.0,0.0,0.0,0.0,0
524,104.0,543.2053846153847,278.05333728370874,122.13,976.23,56493.36,1.0,31.0,1.0,0.5118751491675014,31.0,3.354838708595213,0.00961538461446006,0.0,0.0,0.0,0.0,0
525,104.0,582.9080769230769,259.5070997778304,104.19,984.74,60622.44,1.0,31.0,1.0,0.4451938651171308,31.0,3.354838708595213,0.00961538461446006,0.0,0.0,0.0,0.0,0
526,104.0,534.3304807692308,272.87416868351255,111.0,997.44,55570.37,1.0,31.0,1.0,0.5106842646999505,31.0,3.354838708595213,0.00961538461446006,0.0,0.0,0.0,0.0,0
527,104.0,539.5110576923078,274.8008190937549,104.66,998.52,56109.15,1.0,31.0,1.0,0.5093515974706582,31.0,3.354838708595213,0.00961538461446006,0.0,0.0,0.0,0.0,0
528,0.0,0.0,0.0,0.0,0.0,0.0,0.0,0.0,0.0,0.0,0.0,0.0,0.0,72.0,40143.02,557.5419444444444,1.0,0
529,0.0,0.0,0.0,0.0,0.0,0.0,0.0,0.0,0.0,0.0,0.0,0.0,0.0,20.0,9833.33,491.6665,1.0,0
530,0.0,0.0,0.0,0.0,0.0,0.0,0.0,0.0,0.0,0.0,0.0,0.0,0.0,6.0,2971.71,495.285,2.0,0
531,0.0,0.0,0.0,0.0,0.0,0.0,0.0,0.0,0.0,0.0,0.0,0.0,0.0,6.0,4702.3,783.7166666666667,2.0,0
532,0.0,0.0,0.0,0.0,0.0,0.0,0.0,0.0,0.0,0.0,0.0,0.0,0.0,6.0,3838.8,639.8000000000001,2.0,0
533,0.0,0.0,0.0,0.0,0.0,0.0,0.0,0.0,0.0,0.0,0.0,0.0,0.0,3.0,1720.75,573.5833333333334,2.0,1
534,0.0,0.0,0.0,0.0,0.0,0.0,0.0,0.0,0.0,0.0,0.0,0.0,0.0,12.0,6544.01,545.3341666666666,1.0,0
535,0.0,0.0,0.0,0.0,0.0,0.0,0.0,0.0,0.0,0.0,0.0,0.0,0.0,6.0,3656.86,609.4766666666667,2.0,0
536,0.0,0.0,0.0,0.0,0.0,0.0,0.0,0.0,0.0,0.0,0.0,0.0,0.0,6.0,3209.5,534.9166666666666,2.0,0
537,0.0,0.0,0.0,0.0,0.0,0.0,0.0,0.0,0.0,0.0,0.0,0.0,0.0,14.0,7757.349999999999,554.0964285714285,2.0,0
538,0.0,0.0,0.0,0.0,0.0,0.0,0.0,0.0,0.0,0.0,0.0,0.0,0.0,8.0,5125.92,640.74,2.0,0
539,0.0,0.0,0.0,0.0,0.0,0.0,0.0,0.0,0.0,0.0,0.0,0.0,0.0,16.0,9297.76,581.11,2.0,0
540,0.0,0.0,0.0,0.0,0.0,0.0,0.0,0.0,0.0,0.0,0.0,0.0,0.0,86.0,46637.93,542.301511627907,2.0,0
541,103.0,602.0770873786408,264.52954001111533,100.88,998.64,62013.94,1.0,31.0,3.0,0.4393615793592914,31.0,3.32258064408949,0.029126213589405224,12.0,7244.72,603.7266666666667,2.0,0
542,0.0,0.0,0.0,0.0,0.0,0.0,0.0,0.0,0.0,0.0,0.0,0.0,0.0,2.0,988.48,494.24,1.0,0
543,0.0,0.0,0.0,0.0,0.0,0.0,0.0,0.0,0.0,0.0,0.0,0.0,0.0,11.0,5193.25,472.1136363636364,2.0,0
544,0.0,0.0,0.0,0.0,0.0,0.0,0.0,0.0,0.0,0.0,0.0,0.0,0.0,26.0,11614.77,446.7219230769231,1.0,0
545,0.0,0.0,0.0,0.0,0.0,0.0,0.0,0.0,0.0,0.0,0.0,0.0,0.0,6.0,2731.78,455.2966666666667,2.0,0
546,0.0,0.0,0.0,0.0,0.0,0.0,0.0,0.0,0.0,0.0,0.0,0.0,0.0,72.0,37033.54,514.3547222222222,2.0,0
547,0.0,0.0,0.0,0.0,0.0,0.0,0.0,0.0,0.0,0.0,0.0,0.0,0.0,70.0,40642.55,580.6078571428571,2.0,0
548,0.0,0.0,0.0,0.0,0.0,0.0,0.0,0.0,0.0,0.0,0.0,0.0,0.0,12.0,8087.51,673.9591666666666,2.0,0
549,0.0,0.0,0.0,0.0,0.0,0.0,0.0,0.0,0.0,0.0,0.0,0.0,0.0,61.0,34603.06,567.2632786885246,2.0,0
550,0.0,0.0,0.0,0.0,0.0,0.0,0.0,0.0,0.0,0.0,0.0,0.0,0.0,2.0,552.57,276.285,1.0,0
551,0.0,0.0,0.0,0.0,0.0,0.0,0.0,0.0,0.0,0.0,0.0,0.0,0.0,111.0,56766.63,511.4110810810811,2.0,0
552,1.0,117.28,0.0,117.28,117.28,117.28,16.0,16.0,1.0,0.0,1.0,0.9999999900000002,0.9999999900000002,4.0,2540.56,635.14,1.0,1
553,0.0,0.0,0.0,0.0,0.0,0.0,0.0,0.0,0.0,0.0,0.0,0.0,0.0,16.0,9312.07,582.004375,2.0,0
554,1.0,125.32,0.0,125.32,125.32,125.32,10.0,10.0,1.0,0.0,1.0,0.9999999900000002,0.9999999900000002,108.0,57644.97,533.7497222222222,2.0,1
555,0.0,0.0,0.0,0.0,0.0,0.0,0.0,0.0,0.0,0.0,0.0,0.0,0.0,6.0,3211.94,535.3233333333334,2.0,0
556,0.0,0.0,0.0,0.0,0.0,0.0,0.0,0.0,0.0,0.0,0.0,0.0,0.0,2.0,1128.63,564.315,1.0,0
557,103.0,521.7711650485437,235.03940630514788,109.84,990.96,53742.43,1.0,31.0,3.0,0.4504645370327738,31.0,3.32258064408949,0.029126213589405224,105.0,60296.66,574.2539047619048,2.0,0
558,0.0,0.0,0.0,0.0,0.0,0.0,0.0,0.0,0.0,0.0,0.0,0.0,0.0,2.0,988.47,494.235,1.0,0
559,1.0,389.64,0.0,389.64,389.64,389.64,8.0,8.0,1.0,0.0,1.0,0.9999999900000002,0.9999999900000002,56.0,29161.65,520.74375,2.0,1
560,0.0,0.0,0.0,0.0,0.0,0.0,0.0,0.0,0.0,0.0,0.0,0.0,0.0,10.0,5508.87,550.887,2.0,0
561,0.0,0.0,0.0,0.0,0.0,0.0,0.0,0.0,0.0,0.0,0.0,0.0,0.0,4.0,2655.5,663.875,1.0,0
562,0.0,0.0,0.0,0.0,0.0,0.0,0.0,0.0,0.0,0.0,0.0,0.0,0.0,8.0,4727.62,590.9525,2.0,0
563,0.0,0.0,0.0,0.0,0.0,0.0,0.0,0.0,0.0,0.0,0.0,0.0,0.0,12.0,6229.79,519.1491666666667,1.0,0
564,0.0,0.0,0.0,0.0,0.0,0.0,0.0,0.0,0.0,0.0,0.0,0.0,0.0,0.0,0.0,0.0,0.0,0
565,0.0,0.0,0.0,0.0,0.0,0.0,0.0,0.0,0.0,0.0,0.0,0.0,0.0,6.0,2440.2,406.7,2.0,0
566,0.0,0.0,0.0,0.0,0.0,0.0,0.0,0.0,0.0,0.0,0.0,0.0,0.0,65.0,34615.57,532.5472307692307,2.0,0
567,0.0,0.0,0.0,0.0,0.0,0.0,0.0,0.0,0.0,0.0,0.0,0.0,0.0,12.0,7104.8,592.0666666666667,2.0,0
568,0.0,0.0,0.0,0.0,0.0,0.0,0.0,0.0,0.0,0.0,0.0,0.0,0.0,8.0,4362.68,545.335,1.0,0
569,0.0,0.0,0.0,0.0,0.0,0.0,0.0,0.0,0.0,0.0,0.0,0.0,0.0,12.0,8396.66,699.7216666666667,2.0,0
570,0.0,0.0,0.0,0.0,0.0,0.0,0.0,0.0,0.0,0.0,0.0,0.0,0.0,4.0,2038.01,509.5025,1.0,0
571,0.0,0.0,0.0,0.0,0.0,0.0,0.0,0.0,0.0,0.0,0.0,0.0,0.0,72.0,38978.97,541.3745833333334,2.0,0
572,0.0,0.0,0.0,0.0,0.0,0.0,0.0,0.0,0.0,0.0,0.0,0.0,0.0,0.0,0.0,0.0,0.0,0
573,0.0,0.0,0.0,0.0,0.0,0.0,0.0,0.0,0.0,0.0,0.0,0.0,0.0,8.0,3175.54,396.9425,2.0,0
574,0.0,0.0,0.0,0.0,0.0,0.0,0.0,0.0,0.0,0.0,0.0,0.0,0.0,26.0,11573.26,445.12538461538463,2.0,0
575,0.0,0.0,0.0,0.0,0.0,0.0,0.0,0.0,0.0,0.0,0.0,0.0,0.0,4.0,2412.19,603.0475,1.0,0
576,0.0,0.0,0.0,0.0,0.0,0.0,0.0,0.0,0.0,0.0,0.0,0.0,0.0,6.0,4176.05,696.0083333333333,2.0,0
577,0.0,0.0,0.0,0.0,0.0,0.0,0.0,0.0,0.0,0.0,0.0,0.0,0.0,7.0,3822.42,546.0600000000001,3.0,1
578,0.0,0.0,0.0,0.0,0.0,0.0,0.0,0.0,0.0,0.0,0.0,0.0,0.0,14.0,7604.599999999999,543.1857142857142,1.0,0
579,0.0,0.0,0.0,0.0,0.0,0.0,0.0,0.0,0.0,0.0,0.0,0.0,0.0,10.0,5333.04,533.304,2.0,0
580,0.0,0.0,0.0,0.0,0.0,0.0,0.0,0.0,0.0,0.0,0.0,0.0,0.0,4.0,1778.6599999999999,444.66499999999996,1.0,0
581,0.0,0.0,0.0,0.0,0.0,0.0,0.0,0.0,0.0,0.0,0.0,0.0,0.0,2.0,833.38,416.69,1.0,0
582,0.0,0.0,0.0,0.0,0.0,0.0,0.0,0.0,0.0,0.0,0.0,0.0,0.0,8.0,3611.7,451.4625,1.0,0
583,0.0,0.0,0.0,0.0,0.0,0.0,0.0,0.0,0.0,0.0,0.0,0.0,0.0,2.0,1103.17,551.585,1.0,0
584,0.0,0.0,0.0,0.0,0.0,0.0,0.0,0.0,0.0,0.0,0.0,0.0,0.0,31.0,14998.619999999999,483.8264516129032,2.0,0
585,0.0,0.0,0.0,0.0,0.0,0.0,0.0,0.0,0.0,0.0,0.0,0.0,0.0,4.0,2193.48,548.37,1.0,0
586,0.0,0.0,0.0,0.0,0.0,0.0,0.0,0.0,0.0,0.0,0.0,0.0,0.0,2.0,871.61,435.805,1.0,0
587,0.0,0.0,0.0,0.0,0.0,0.0,0.0,0.0,0.0,0.0,0.0,0.0,0.0,2.0,1593.88,796.94,1.0,0
588,0.0,0.0,0.0,0.0,0.0,0.0,0.0,0.0,0.0,0.0,0.0,0.0,0.0,6.0,4238.49,706.415,2.0,0
589,0.0,0.0,0.0,0.0,0.0,0.0,0.0,0.0,0.0,0.0,0.0,0.0,0.0,16.0,10301.57,643.848125,2.0,0
590,0.0,0.0,0.0,0.0,0.0,0.0,0.0,0.0,0.0,0.0,0.0,0.0,0.0,4.0,1592.34,398.085,2.0,0
591,0.0,0.0,0.0,0.0,0.0,0.0,0.0,0.0,0.0,0.0,0.0,0.0,0.0,6.0,2503.44,417.24,1.0,0
592,0.0,0.0,0.0,0.0,0.0,0.0,0.0,0.0,0.0,0.0,0.0,0.0,0.0,16.0,8685.34,542.83375,2.0,0
593,1.0,942.75,0.0,942.75,942.75,942.75,13.0,13.0,1.0,0.0,1.0,0.9999999900000002,0.9999999900000002,9.0,5224.75,580.5277777777778,3.0,1
594,0.0,0.0,0.0,0.0,0.0,0.0,0.0,0.0,0.0,0.0,0.0,0.0,0.0,0.0,0.0,0.0,0.0,0
595,222.0,467.0385585585585,281.5997676667172,2.23,990.55,103682.56,1.0,31.0,2.0,0.6029475778826514,31.0,7.161290320270552,0.009009009008603198,51.0,27752.52,544.1670588235294,1.0,0
596,184.0,542.7002173913044,264.5193736600073,110.71,997.51,99856.84,1.0,31.0,2.0,0.48741342858981423,31.0,5.935483869053069,0.010869565216800567,0.0,0.0,0.0,0.0,0
597,275.0,477.2717454545455,272.5788976117184,10.7,999.94,131249.73,1.0,31.0,2.0,0.5711188650952042,31.0,8.870967739073881,0.00727272727246281,143.0,77580.55,542.5213286713287,1.0,0
598,142.0,539.6071126760564,261.9271853897838,85.77,992.29,76624.21,1.0,31.0,2.0,0.485403507907749,31.0,4.580645159812695,0.014084507041261653,4.0,2005.09,501.2725,1.0,0
599,163.0,549.1449693251534,259.52752676947256,3.66,999.6,89510.63,1.0,31.0,2.0,0.4726029395911266,31.0,5.258064514432882,0.012269938649553992,4.0,2895.63,723.9075,1.0,0
600,186.0,533.9538172043011,261.36893619876577,100.36,980.2,99315.41,1.0,31.0,2.0,0.48949727068598886,31.0,5.999999998064516,0.010752688171464908,0.0,0.0,0.0,0.0,0
601,115.0,492.90191304347826,262.1172708450466,96.1,995.74,56683.72,1.0,31.0,2.0,0.5317838375210521,31.0,3.7096774181581686,0.0173913043463138,6.0,4297.15,716.1916666666666,1.0,0
602,159.0,510.2944025157233,253.20243740600773,107.18,990.43,81136.81,1.0,31.0,1.0,0.4961889375089591,31.0,5.12903225640999,0.006289308175705075,2.0,1332.65,666.325,1.0,0
603,164.0,549.0392682926829,255.69497516976884,111.33,996.99,90042.44,1.0,31.0,2.0,0.46571345608891007,31.0,5.290322578938605,0.012195121950475906,4.0,2855.46,713.865,1.0,0
604,132.0,500.72863636363644,271.92055746517605,38.38,999.72,66096.18000000001,1.0,31.0,2.0,0.5430497433389707,31.0,4.258064514755463,0.015151515150367308,20.0,11471.66,573.583,1.0,0
605,139.0,499.37323741007197,286.0062328479033,35.36,996.61,69412.88,1.0,31.0,2.0,0.5727303976590866,31.0,4.483870966295525,0.01438848920759795,2.0,621.96,310.98,1.0,0
606,145.0,497.7956551724138,276.99609385987793,25.61,990.2,72180.37,1.0,31.0,2.0,0.5564453827110536,31.0,4.6774193533298645,0.013793103447324612,4.0,2601.02,650.255,1.0,0
607,143.0,526.686013986014,253.8658479911257,52.45,989.9,75316.1,1.0,31.0,2.0,0.48200605530612584,31.0,4.612903224318418,0.013986013985035942,4.0,2341.44,585.36,1.0,0
608,176.0,534.2649431818182,253.56331716442213,91.49,988.65,94030.63,1.0,31.0,2.0,0.47460219951842275,31.0,5.677419353007284,0.011363636362990702,0.0,0.0,0.0,0.0,0
609,135.0,528.1971111111111,281.2243312276302,101.61,997.34,71306.61,1.0,31.0,2.0,0.5324230771174132,31.0,4.3548387082726325,0.01481481481371742,0.0,0.0,0.0,0.0,0
610,105.0,496.04333333333335,265.86957178165187,106.54,993.66,52084.55,1.0,31.0,2.0,0.5359805361956792,31.0,3.3870967731009363,0.01904761904580499,0.0,0.0,0.0,0.0,0
611,123.0,521.0585365853658,267.63896070640544,59.54,994.83,64090.2,1.0,31.0,2.0,0.5136447095851798,31.0,3.967741934203954,0.01626016260030405,4.0,1245.03,311.2575,1.0,0
612,150.0,500.5811333333333,282.75698915527556,19.22,997.93,75087.17,1.0,31.0,2.0,0.5648574632982446,31.0,4.838709675858481,0.013333333332444445,13.0,5979.83,459.98692307692306,1.0,0
613,144.0,496.8972222222222,268.13200194112846,102.4,995.49,71553.2,1.0,31.0,2.0,0.5396125998382386,31.0,4.645161288824141,0.013888888887924382,4.0,1906.93,476.7325,1.0,0
614,172.0,514.2341860465116,267.10480049574477,103.15,998.23,88448.28,1.0,31.0,2.0,0.5194224883103967,31.0,5.548387094984391,0.011627906976068145,4.0,2475.87,618.9675,1.0,0
615,160.0,559.8078125,272.2007078805205,61.32,999.03,89569.25,1.0,31.0,2.0,0.4862395661469232,31.0,5.161290320915713,0.012499999999218749,8.0,5271.03,658.87875,1.0,0
616,169.0,415.2167455621302,278.8983808805601,13.3,999.07,70171.63,1.0,31.0,2.0,0.6716934802238382,31.0,5.451612901467222,0.011834319525926963,35.0,18396.6,525.6171428571428,2.0,1
617,111.0,516.1373873873874,272.27862231281904,1.23,996.27,57291.25,1.0,31.0,2.0,0.5275312910110593,31.0,3.580645160135276,0.018018018016394775,4.0,2111.38,527.845,1.0,0
618,148.0,561.232027027027,257.07633691965214,104.3,997.7,83062.34,1.0,31.0,2.0,0.45805713953436167,31.0,4.774193546847034,0.013513513512600437,0.0,0.0,0.0,0.0,0
619,137.0,525.1196350364963,282.127106313409,72.77,985.58,71941.39,1.0,31.0,2.0,0.5372625350191452,31.0,4.419354837284079,0.014598540144919814,1.0,108.65,108.65,1.0,0
620,175.0,529.6738285714285,277.9528660069269,20.81,998.38,92692.92,1.0,31.0,2.0,0.5247623178803071,31.0,5.64516128850156,0.011428571427918368,12.0,7063.7,588.6416666666667,1.0,0
621,148.0,548.0741891891892,249.51218497644365,66.28,992.04,81114.98,1.0,31.0,2.0,0.4552525732711749,31.0,4.774193546847034,0.013513513512600437,0.0,0.0,0.0,0.0,0
622,167.0,572.260119760479,275.48488776470583,106.92,996.67,95567.44,1.0,31.0,2.0,0.4813980185709896,31.0,5.3870967724557755,0.011976047903474488,4.0,2335.4,583.85,1.0,0
623,101.0,526.3623762376237,285.12552422800917,92.96,985.95,53162.6,1.0,31.0,2.0,0.5416905483644859,31.0,3.2580645150780434,0.01980198019605921,2.0,854.23,427.115,1.0,0
624,178.0,510.79747191011234,249.60886898630716,35.3,996.82,90921.95,1.0,31.0,2.0,0.48866504379517656,31.0,5.7419354820187305,0.011235955055548542,4.0,1713.47,428.3675,1.0,0
625,161.0,528.3589440993788,280.7800743700539,49.37,998.07,85065.79,1.0,30.0,2.0,0.5314191753550175,30.0,5.366666664877777,0.012422360247675629,12.0,6838.44,569.87,1.0,0
626,158.0,521.4728481012659,269.80363752273445,30.79,986.71,82392.71,1.0,31.0,3.0,0.5173877000498535,31.0,5.096774191904267,0.018987341770950166,3.0,1617.02,539.0066666666667,2.0,1
627,126.0,553.1289682539683,241.1627558669186,72.47,994.39,69694.25,1.0,31.0,2.0,0.4359973346249136,31.0,4.064516127721124,0.01587301587175611,0.0,0.0,0.0,0.0,0
628,257.0,519.5605058365759,267.2379828889808,1.65,994.89,133527.05,1.0,31.0,2.0,0.5143539200569935,31.0,8.290322577970864,0.00778210116701237,132.0,73840.08,559.3945454545454,2.0,0
629,107.0,562.4165420560747,260.1966422712841,43.27,998.44,60178.57,1.0,31.0,2.0,0.46264045028873857,31.0,3.451612902112383,0.018691588783299854,4.0,2766.29,691.5725,1.0,0
630,103.0,559.1073786407767,253.30567738217297,105.17,990.57,57588.06,1.0,31.0,3.0,0.45305371929349886,31.0,3.32258064408949,0.029126213589405224,6.0,4569.360000000001,761.5600000000001,2.0,0
631,103.0,570.3681553398058,244.30343729471932,136.1,991.12,58747.92,1.0,31.0,1.0,0.42832587163792213,31.0,3.32258064408949,0.009708737863135074,14.0,7676.01,548.2864285714286,3.0,0
632,108.0,527.537962962963,286.00266579294595,14.94,990.37,56974.1,1.0,31.0,3.0,0.5421461314009812,31.0,3.483870966618106,0.027777777775205764,8.0,4705.99,588.24875,3.0,0
633,102.0,583.508137254902,256.5718176868794,115.15,985.52,59517.83,1.0,31.0,3.0,0.4397056378502576,31.0,3.290322579583767,0.02941176470299885,93.0,46834.88,503.60086021505373,3.0,0
634,102.0,508.4251960784314,274.7508002555231,7.88,994.35,51859.37,1.0,31.0,3.0,0.5403957206867755,31.0,3.290322579583767,0.02941176470299885,6.0,2185.69,364.2816666666667,2.0,0
635,103.0,570.3100970873786,243.2940456847984,114.44,987.45,58741.94,1.0,31.0,3.0,0.42659957613069704,31.0,3.32258064408949,0.029126213589405224,4.0,1410.08,352.52,1.0,0
636,101.0,544.3259405940594,256.7572884230483,25.14,993.57,54976.92,1.0,31.0,1.0,0.4716976893258383,31.0,3.2580645150780434,0.009900990098029605,6.0,3463.16,577.1933333333333,2.0,0
637,103.0,533.7344660194175,259.20623369004977,105.49,995.79,54974.65,1.0,31.0,3.0,0.485646421934017,31.0,3.32258064408949,0.029126213589405224,6.0,3967.08,661.18,3.0,0
638,103.0,573.8487378640776,267.5502416724373,102.44,995.23,59106.42,1.0,31.0,3.0,0.4662382680558359,31.0,3.32258064408949,0.029126213589405224,8.0,5218.53,652.31625,3.0,0
639,103.0,515.7515533980583,274.1893349378158,100.4,984.08,53122.409999999996,1.0,31.0,3.0,0.5316306526388288,31.0,3.32258064408949,0.029126213589405224,16.0,10355.8,647.2375,3.0,0
640,103.0,566.4910679611651,241.18555567549095,105.51,982.73,58348.58,1.0,31.0,3.0,0.42575350135576634,31.0,3.32258064408949,0.029126213589405224,6.0,1879.6599999999999,313.27666666666664,2.0,0
641,103.0,529.5156310679612,245.99148931025692,107.64,982.85,54540.11,1.0,31.0,3.0,0.464559448055348,31.0,3.32258064408949,0.029126213589405224,8.0,4599.92,574.99,3.0,0
642,103.0,566.6176699029127,259.64660023224735,108.07,976.86,58361.62,1.0,31.0,3.0,0.45823950437718297,31.0,3.32258064408949,0.029126213589405224,18.0,9429.76,523.8755555555556,3.0,0
643,103.0,581.9527184466019,259.9923431986976,114.3,990.67,59941.13,1.0,31.0,3.0,0.44675853373144103,31.0,3.32258064408949,0.029126213589405224,16.0,7573.74,473.35875,3.0,0
644,103.0,527.6467961165049,262.862825608136,101.44,997.73,54347.62,1.0,31.0,3.0,0.49817951617982315,31.0,3.32258064408949,0.029126213589405224,15.0,7377.72,491.848,3.0,1
645,103.0,497.9866990291262,279.8862473850248,103.25,980.59,51292.63,1.0,31.0,2.0,0.562035588350191,31.0,3.32258064408949,0.019417475726270148,118.0,48672.11,412.47550847457626,4.0,0
646,103.0,578.1846601941747,260.7410206820265,100.77,999.34,59553.02,1.0,31.0,3.0,0.4509649574410204,31.0,3.32258064408949,0.029126213589405224,4.0,2006.69,501.6725,2.0,0
647,103.0,561.1587378640777,253.75748603921105,103.71,995.85,57799.35,1.0,31.0,3.0,0.45220268154525906,31.0,3.32258064408949,0.029126213589405224,10.0,4894.82,489.48199999999997,3.0,0
648,103.0,543.6005825242719,253.42195416458793,117.34,999.11,55990.86,1.0,31.0,3.0,0.4661914690803531,31.0,3.32258064408949,0.029126213589405224,53.0,27903.32,526.4777358490566,2.0,0
649,103.0,539.9563106796116,283.312131454678,105.32,981.81,55615.5,1.0,31.0,2.0,0.5246945462917963,31.0,3.32258064408949,0.019417475726270148,20.0,11937.24,596.862,3.0,0
650,103.0,550.0476699029126,258.9899537880666,100.41,989.34,56654.909999999996,1.0,31.0,2.0,0.4708500152888052,31.0,3.32258064408949,0.019417475726270148,88.0,47926.659999999996,544.6211363636363,2.0,0
651,103.0,565.9906796116505,257.9162292115602,104.0,993.12,58297.04,1.0,31.0,3.0,0.4556898876567548,31.0,3.32258064408949,0.029126213589405224,12.0,5101.29,425.1075,2.0,0
652,103.0,621.6391262135922,267.2129341162829,110.18,987.67,64028.83,1.0,31.0,3.0,0.4298521808618772,31.0,3.32258064408949,0.029126213589405224,24.0,13143.6,547.65,3.0,0
653,103.0,542.7697087378641,241.63053667497388,100.79,993.95,55905.28,1.0,31.0,2.0,0.4451805853948638,31.0,3.32258064408949,0.019417475726270148,6.0,3773.89,628.9816666666667,2.0,0
654,103.0,561.408640776699,248.65356513236716,104.1,993.65,57825.09,1.0,31.0,2.0,0.44291011407293307,31.0,3.32258064408949,0.019417475726270148,24.0,12923.83,538.4929166666667,2.0,0
655,103.0,570.6327184466019,274.99531984322,108.42,990.52,58775.17,1.0,31.0,3.0,0.48191299052568104,31.0,3.32258064408949,0.029126213589405224,74.0,39637.27,535.6387837837838,2.0,0
656,103.0,569.3238834951457,264.772063863274,86.46,993.92,58640.36,1.0,31.0,3.0,0.46506403742129493,31.0,3.32258064408949,0.029126213589405224,12.0,5885.07,490.42249999999996,2.0,0
657,103.0,542.5866019417475,242.3343927123865,104.24,994.07,55886.42,1.0,31.0,3.0,0.44662804396695627,31.0,3.32258064408949,0.029126213589405224,129.0,66917.19,518.7379069767442,2.0,0
658,103.0,558.3776699029127,264.3473916700385,108.28,996.93,57512.9,1.0,31.0,2.0,0.4734204211842272,31.0,3.32258064408949,0.019417475726270148,6.0,3785.52,630.92,2.0,0
659,103.0,564.8696116504855,270.3899242123012,100.51,995.51,58181.57,1.0,31.0,3.0,0.47867670455393324,31.0,3.32258064408949,0.029126213589405224,12.0,7180.04,598.3366666666667,3.0,0
660,103.0,566.0133009708738,269.59030466503975,101.03,990.59,58299.37,1.0,31.0,3.0,0.47629676581425334,31.0,3.32258064408949,0.029126213589405224,118.0,63048.15,534.3063559322034,3.0,0
661,103.0,515.2565048543689,263.28606627306834,109.57,997.86,53071.42,1.0,31.0,2.0,0.5109805772221608,31.0,3.32258064408949,0.019417475726270148,8.0,3191.07,398.88375,2.0,0
662,103.0,535.1537864077669,234.6296538231466,122.48,972.77,55120.84,1.0,31.0,3.0,0.43843407218272645,31.0,3.32258064408949,0.029126213589405224,16.0,9455.63,590.976875,3.0,0
663,103.0,566.1932038834951,254.16938489917828,106.28,961.63,58317.9,1.0,31.0,3.0,0.4489092824699275,31.0,3.32258064408949,0.029126213589405224,2.0,1126.62,563.31,1.0,0
664,103.0,523.0333009708738,239.40482382640016,118.45,982.57,53872.43,1.0,31.0,3.0,0.45772386457502956,31.0,3.32258064408949,0.029126213589405224,41.0,24849.05,606.0743902439024,3.0,0
665,103.0,577.2111650485436,258.9420492829712,101.02,991.96,59452.75,1.0,31.0,3.0,0.44860887134209887,31.0,3.32258064408949,0.029126213589405224,113.0,61682.11,545.8593805309735,3.0,0
666,1.0,967.03,0.0,967.03,967.03,967.03,30.0,30.0,1.0,0.0,1.0,0.9999999900000002,0.9999999900000002,0.0,0.0,0.0,0.0,1
667,0.0,0.0,0.0,0.0,0.0,0.0,0.0,0.0,0.0,0.0,0.0,0.0,0.0,4.0,1747.35,436.8375,1.0,0
668,0.0,0.0,0.0,0.0,0.0,0.0,0.0,0.0,0.0,0.0,0.0,0.0,0.0,6.0,4129.7,688.2833333333333,1.0,0
669,0.0,0.0,0.0,0.0,0.0,0.0,0.0,0.0,0.0,0.0,0.0,0.0,0.0,0.0,0.0,0.0,0.0,0
670,0.0,0.0,0.0,0.0,0.0,0.0,0.0,0.0,0.0,0.0,0.0,0.0,0.0,2.0,1101.6100000000001,550.8050000000001,1.0,0
671,0.0,0.0,0.0,0.0,0.0,0.0,0.0,0.0,0.0,0.0,0.0,0.0,0.0,4.0,1534.41,383.6025,1.0,0
672,0.0,0.0,0.0,0.0,0.0,0.0,0.0,0.0,0.0,0.0,0.0,0.0,0.0,4.0,2314.06,578.515,1.0,0
673,0.0,0.0,0.0,0.0,0.0,0.0,0.0,0.0,0.0,0.0,0.0,0.0,0.0,2.0,1218.55,609.275,1.0,0
674,0.0,0.0,0.0,0.0,0.0,0.0,0.0,0.0,0.0,0.0,0.0,0.0,0.0,81.0,42847.76,528.9846913580247,1.0,0
675,0.0,0.0,0.0,0.0,0.0,0.0,0.0,0.0,0.0,0.0,0.0,0.0,0.0,4.0,2559.57,639.8925,1.0,0
676,0.0,0.0,0.0,0.0,0.0,0.0,0.0,0.0,0.0,0.0,0.0,0.0,0.0,6.0,3104.4,517.4,1.0,0
677,0.0,0.0,0.0,0.0,0.0,0.0,0.0,0.0,0.0,0.0,0.0,0.0,0.0,2.0,1245.4,622.7,1.0,0
678,0.0,0.0,0.0,0.0,0.0,0.0,0.0,0.0,0.0,0.0,0.0,0.0,0.0,6.0,2527.81,421.3016666666667,1.0,0
679,0.0,0.0,0.0,0.0,0.0,0.0,0.0,0.0,0.0,0.0,0.0,0.0,0.0,2.0,480.74,240.37,1.0,0
680,0.0,0.0,0.0,0.0,0.0,0.0,0.0,0.0,0.0,0.0,0.0,0.0,0.0,8.0,4039.7200000000003,504.96500000000003,1.0,0
681,0.0,0.0,0.0,0.0,0.0,0.0,0.0,0.0,0.0,0.0,0.0,0.0,0.0,12.0,6121.77,510.14750000000004,1.0,0
682,0.0,0.0,0.0,0.0,0.0,0.0,0.0,0.0,0.0,0.0,0.0,0.0,0.0,0.0,0.0,0.0,0.0,0
683,0.0,0.0,0.0,0.0,0.0,0.0,0.0,0.0,0.0,0.0,0.0,0.0,0.0,20.0,9155.79,457.78950000000003,1.0,0
684,0.0,0.0,0.0,0.0,0.0,0.0,0.0,0.0,0.0,0.0,0.0,0.0,0.0,2.0,634.8100000000001,317.40500000000003,1.0,0
685,0.0,0.0,0.0,0.0,0.0,0.0,0.0,0.0,0.0,0.0,0.0,0.0,0.0,0.0,0.0,0.0,0.0,0
686,0.0,0.0,0.0,0.0,0.0,0.0,0.0,0.0,0.0,0.0,0.0,0.0,0.0,4.0,2296.57,574.1425,1.0,0
687,0.0,0.0,0.0,0.0,0.0,0.0,0.0,0.0,0.0,0.0,0.0,0.0,0.0,104.0,58086.25,558.5216346153846,1.0,0
688,0.0,0.0,0.0,0.0,0.0,0.0,0.0,0.0,0.0,0.0,0.0,0.0,0.0,2.0,1380.25,690.125,1.0,0
689,0.0,0.0,0.0,0.0,0.0,0.0,0.0,0.0,0.0,0.0,0.0,0.0,0.0,12.0,7734.72,644.5600000000001,1.0,0
690,0.0,0.0,0.0,0.0,0.0,0.0,0.0,0.0,0.0,0.0,0.0,0.0,0.0,6.0,4123.73,687.2883333333333,1.0,0
691,0.0,0.0,0.0,0.0,0.0,0.0,0.0,0.0,0.0,0.0,0.0,0.0,0.0,12.0,6261.99,521.8325,1.0,0
692,0.0,0.0,0.0,0.0,0.0,0.0,0.0,0.0,0.0,0.0,0.0,0.0,0.0,4.0,2015.89,503.9725,1.0,0
693,0.0,0.0,0.0,0.0,0.0,0.0,0.0,0.0,0.0,0.0,0.0,0.0,0.0,0.0,0.0,0.0,0.0,0
694,0.0,0.0,0.0,0.0,0.0,0.0,0.0,0.0,0.0,0.0,0.0,0.0,0.0,2.0,751.64,375.82,1.0,0
695,0.0,0.0,0.0,0.0,0.0,0.0,0.0,0.0,0.0,0.0,0.0,0.0,0.0,8.0,6073.1900000000005,759.1487500000001,1.0,0
696,0.0,0.0,0.0,0.0,0.0,0.0,0.0,0.0,0.0,0.0,0.0,0.0,0.0,2.0,1337.75,668.875,1.0,0
697,0.0,0.0,0.0,0.0,0.0,0.0,0.0,0.0,0.0,0.0,0.0,0.0,0.0,8.0,4060.45,507.55625,1.0,0
698,0.0,0.0,0.0,0.0,0.0,0.0,0.0,0.0,0.0,0.0,0.0,0.0,0.0,104.0,56247.23,540.83875,1.0,0
699,0.0,0.0,0.0,0.0,0.0,0.0,0.0,0.0,0.0,0.0,0.0,0.0,0.0,64.0,34663.43,541.61609375,2.0,1
700,0.0,0.0,0.0,0.0,0.0,0.0,0.0,0.0,0.0,0.0,0.0,0.0,0.0,20.0,10400.8,520.04,1.0,0
701,0.0,0.0,0.0,0.0,0.0,0.0,0.0,0.0,0.0,0.0,0.0,0.0,0.0,6.0,3047.12,507.8533333333333,1.0,0
702,0.0,0.0,0.0,0.0,0.0,0.0,0.0,0.0,0.0,0.0,0.0,0.0,0.0,4.0,2011.78,502.945,1.0,0
703,0.0,0.0,0.0,0.0,0.0,0.0,0.0,0.0,0.0,0.0,0.0,0.0,0.0,10.0,4117.73,411.77299999999997,3.0,0
704,0.0,0.0,0.0,0.0,0.0,0.0,0.0,0.0,0.0,0.0,0.0,0.0,0.0,8.0,4937.9400000000005,617.2425000000001,3.0,0
705,0.0,0.0,0.0,0.0,0.0,0.0,0.0,0.0,0.0,0.0,0.0,0.0,0.0,8.0,3374.29,421.78625,3.0,0
706,0.0,0.0,0.0,0.0,0.0,0.0,0.0,0.0,0.0,0.0,0.0,0.0,0.0,14.0,7332.59,523.7564285714286,3.0,0
707,0.0,0.0,0.0,0.0,0.0,0.0,0.0,0.0,0.0,0.0,0.0,0.0,0.0,10.0,6929.07,692.9069999999999,3.0,0
708,0.0,0.0,0.0,0.0,0.0,0.0,0.0,0.0,0.0,0.0,0.0,0.0,0.0,12.0,6778.22,564.8516666666667,3.0,0
709,0.0,0.0,0.0,0.0,0.0,0.0,0.0,0.0,0.0,0.0,0.0,0.0,0.0,62.0,34080.67,549.6882258064516,3.0,0
710,0.0,0.0,0.0,0.0,0.0,0.0,0.0,0.0,0.0,0.0,0.0,0.0,0.0,16.0,8519.08,532.4425,4.0,0
711,0.0,0.0,0.0,0.0,0.0,0.0,0.0,0.0,0.0,0.0,0.0,0.0,0.0,24.0,12854.69,535.6120833333333,4.0,0
712,0.0,0.0,0.0,0.0,0.0,0.0,0.0,0.0,0.0,0.0,0.0,0.0,0.0,12.0,6765.110000000001,563.7591666666667,3.0,0
713,0.0,0.0,0.0,0.0,0.0,0.0,0.0,0.0,0.0,0.0,0.0,0.0,0.0,18.0,9771.08,542.8377777777778,4.0,0
714,0.0,0.0,0.0,0.0,0.0,0.0,0.0,0.0,0.0,0.0,0.0,0.0,0.0,12.0,5558.54,463.21166666666664,3.0,0
715,0.0,0.0,0.0,0.0,0.0,0.0,0.0,0.0,0.0,0.0,0.0,0.0,0.0,136.0,72412.34,532.4436764705882,4.0,0
716,0.0,0.0,0.0,0.0,0.0,0.0,0.0,0.0,0.0,0.0,0.0,0.0,0.0,8.0,3753.97,469.24625,3.0,0
717,0.0,0.0,0.0,0.0,0.0,0.0,0.0,0.0,0.0,0.0,0.0,0.0,0.0,20.0,9482.22,474.111,2.0,0
718,0.0,0.0,0.0,0.0,0.0,0.0,0.0,0.0,0.0,0.0,0.0,0.0,0.0,2.0,1736.5500000000002,868.2750000000001,1.0,0
719,0.0,0.0,0.0,0.0,0.0,0.0,0.0,0.0,0.0,0.0,0.0,0.0,0.0,96.0,52822.88,550.2383333333333,4.0,0
720,0.0,0.0,0.0,0.0,0.0,0.0,0.0,0.0,0.0,0.0,0.0,0.0,0.0,10.0,4399.03,439.90299999999996,2.0,0
721,0.0,0.0,0.0,0.0,0.0,0.0,0.0,0.0,0.0,0.0,0.0,0.0,0.0,23.0,11367.63,494.24478260869563,2.0,0
722,0.0,0.0,0.0,0.0,0.0,0.0,0.0,0.0,0.0,0.0,0.0,0.0,0.0,23.0,15128.98,657.7817391304347,5.0,1
723,0.0,0.0,0.0,0.0,0.0,0.0,0.0,0.0,0.0,0.0,0.0,0.0,0.0,66.0,34385.8,520.9969696969697,4.0,0
724,0.0,0.0,0.0,0.0,0.0,0.0,0.0,0.0,0.0,0.0,0.0,0.0,0.0,20.0,8875.32,443.76599999999996,3.0,0
725,0.0,0.0,0.0,0.0,0.0,0.0,0.0,0.0,0.0,0.0,0.0,0.0,0.0,14.0,8558.77,611.3407142857143,2.0,0
726,0.0,0.0,0.0,0.0,0.0,0.0,0.0,0.0,0.0,0.0,0.0,0.0,0.0,30.0,15335.4,511.18,4.0,0
727,0.0,0.0,0.0,0.0,0.0,0.0,0.0,0.0,0.0,0.0,0.0,0.0,0.0,6.0,2743.46,457.24333333333334,3.0,0
728,0.0,0.0,0.0,0.0,0.0,0.0,0.0,0.0,0.0,0.0,0.0,0.0,0.0,14.0,8529.1,609.2214285714286,3.0,0
729,0.0,0.0,0.0,0.0,0.0,0.0,0.0,0.0,0.0,0.0,0.0,0.0,0.0,189.0,106131.49,561.5422751322751,3.0,0
730,0.0,0.0,0.0,0.0,0.0,0.0,0.0,0.0,0.0,0.0,0.0,0.0,0.0,114.0,65831.92,577.4729824561404,3.0,0
731,1.0,329.77,0.0,329.77,329.77,329.77,10.0,10.0,1.0,0.0,1.0,0.9999999900000002,0.9999999900000002,18.0,9438.21,524.3449999999999,2.0,1
732,0.0,0.0,0.0,0.0,0.0,0.0,0.0,0.0,0.0,0.0,0.0,0.0,0.0,8.0,4444.16,555.52,3.0,0
733,0.0,0.0,0.0,0.0,0.0,0.0,0.0,0.0,0.0,0.0,0.0,0.0,0.0,121.0,72771.63,601.4184297520661,4.0,0
734,0.0,0.0,0.0,0.0,0.0,0.0,0.0,0.0,0.0,0.0,0.0,0.0,0.0,100.0,49608.12,496.0812,4.0,0
735,0.0,0.0,0.0,0.0,0.0,0.0,0.0,0.0,0.0,0.0,0.0,0.0,0.0,8.0,3657.65,457.20625,2.0,0
736,0.0,0.0,0.0,0.0,0.0,0.0,0.0,0.0,0.0,0.0,0.0,0.0,0.0,99.0,57868.67,584.5320202020201,4.0,0
737,0.0,0.0,0.0,0.0,0.0,0.0,0.0,0.0,0.0,0.0,0.0,0.0,0.0,12.0,5863.01,488.5841666666667,3.0,0
738,0.0,0.0,0.0,0.0,0.0,0.0,0.0,0.0,0.0,0.0,0.0,0.0,0.0,2.0,890.1600000000001,445.08000000000004,1.0,0
739,0.0,0.0,0.0,0.0,0.0,0.0,0.0,0.0,0.0,0.0,0.0,0.0,0.0,191.0,99444.62,520.6524607329843,4.0,0
740,0.0,0.0,0.0,0.0,0.0,0.0,0.0,0.0,0.0,0.0,0.0,0.0,0.0,39.0,23504.51,602.6797435897436,2.0,0
741,102.0,549.6939215686274,261.2896845643099,112.76,997.45,56068.78,1.0,31.0,3.0,0.4753366815735025,31.0,3.290322579583767,0.02941176470299885,4.0,2304.69,576.1725,1.0,0
742,103.0,550.936213592233,253.26952514057896,128.1,990.46,56746.43,1.0,31.0,3.0,0.4597075285441945,31.0,3.32258064408949,0.029126213589405224,6.0,3779.99,629.9983333333333,2.0,0
743,103.0,548.2866990291262,262.35872862375896,106.21,994.9,56473.53,1.0,31.0,3.0,0.47850646219130116,31.0,3.32258064408949,0.029126213589405224,4.0,1580.49,395.1225,2.0,0
744,103.0,587.6162135922331,268.1729380533203,107.42,999.49,60524.47,1.0,31.0,3.0,0.4563742998331406,31.0,3.32258064408949,0.029126213589405224,0.0,0.0,0.0,0.0,0
745,103.0,568.6515533980582,268.6603608602567,115.64,995.33,58571.11,1.0,31.0,3.0,0.47245164327805655,31.0,3.32258064408949,0.029126213589405224,86.0,46157.36,536.713488372093,2.0,0
746,103.0,510.0967961165049,257.79333313005037,103.45,990.97,52539.97,1.0,31.0,3.0,0.5053812042883664,31.0,3.32258064408949,0.029126213589405224,4.0,2165.37,541.3425,1.0,0
747,102.0,522.2041176470589,270.22373376483387,101.08,981.0,53264.82,1.0,31.0,3.0,0.5174676426858335,31.0,3.290322579583767,0.02941176470299885,10.0,5791.73,579.173,2.0,0
748,103.0,542.8682524271844,260.9575787681283,101.41,995.46,55915.43,1.0,31.0,3.0,0.48070149174605464,31.0,3.32258064408949,0.029126213589405224,38.0,20642.329999999998,543.2192105263157,2.0,0
749,102.0,575.8065686274509,269.282067516812,133.52,991.59,58732.27,1.0,31.0,3.0,0.4676606384571516,31.0,3.290322579583767,0.02941176470299885,4.0,808.27,202.0675,1.0,0
750,103.0,529.7972815533981,264.4343940289893,105.79,997.14,54569.12,1.0,31.0,3.0,0.4991237275673824,31.0,3.32258064408949,0.029126213589405224,35.0,16767.43,479.0694285714286,1.0,0
751,103.0,513.4344660194175,278.24204724018284,100.28,999.55,52883.75,1.0,31.0,2.0,0.5419231969211837,31.0,3.32258064408949,0.019417475726270148,20.0,10275.39,513.7695,1.0,0
752,103.0,539.1998058252427,274.5671159136476,113.18,978.41,55537.58,1.0,31.0,3.0,0.5092121935918205,31.0,3.32258064408949,0.029126213589405224,4.0,2022.1599999999999,505.53999999999996,1.0,0
753,103.0,536.0026213592233,245.30367064774467,115.72,980.34,55208.27,1.0,31.0,2.0,0.45765386374625244,31.0,3.32258064408949,0.019417475726270148,121.0,53293.32,440.4406611570248,2.0,0
754,103.0,504.06650485436893,262.6110672320613,105.92,991.16,51918.85,1.0,31.0,3.0,0.5209849587262757,31.0,3.32258064408949,0.029126213589405224,143.0,76491.62,534.9064335664335,2.0,0
755,103.0,614.821067961165,263.4283036697812,102.2,996.7,63326.57,1.0,31.0,3.0,0.42846336502270926,31.0,3.32258064408949,0.029126213589405224,71.0,38054.28,535.9757746478873,2.0,0
756,103.0,565.6320388349515,251.3289026096658,105.96,999.72,58260.1,1.0,31.0,3.0,0.44433286191300586,31.0,3.32258064408949,0.029126213589405224,12.0,5875.75,489.6458333333333,2.0,0
757,104.0,539.2561538461539,243.32893205966386,103.47,995.5,56082.64,1.0,31.0,3.0,0.45123070051152653,31.0,3.354838708595213,0.028846153843380178,7.0,3354.54,479.21999999999997,2.0,1
758,96.0,551.3896875,271.9002859503853,124.15,994.19,52933.41,1.0,31.0,3.0,0.49311819228656517,31.0,3.0967741925494274,0.031249999996744795,2.0,1441.3600000000001,720.6800000000001,1.0,0
759,103.0,519.2898058252428,254.71491174768036,107.91,996.8,53486.85,1.0,31.0,3.0,0.4905062816282105,31.0,3.32258064408949,0.029126213589405224,2.0,1635.62,817.81,1.0,0
760,103.0,519.9411650485437,266.9961185930002,101.51,994.58,53553.94,1.0,31.0,3.0,0.5135121750995371,31.0,3.32258064408949,0.029126213589405224,6.0,3672.3,612.0500000000001,2.0,0
761,103.0,542.8854368932039,257.2655899762668,100.71,993.94,55917.2,1.0,31.0,3.0,0.47388559811770586,31.0,3.32258064408949,0.029126213589405224,14.0,9076.92,648.3514285714285,2.0,0
762,103.0,578.4498058252427,266.5833319553803,109.43,971.29,59580.33,1.0,31.0,3.0,0.4608581924760988,31.0,3.32258064408949,0.029126213589405224,4.0,2041.0500000000002,510.26250000000005,2.0,0
763,103.0,512.1883495145631,258.7768887197705,119.33,985.25,52755.4,1.0,31.0,2.0,0.5052377488866726,31.0,3.32258064408949,0.019417475726270148,72.0,36694.9,509.6513888888889,2.0,0
764,103.0,534.4118446601941,261.1566545601962,117.46,994.74,55044.42,1.0,31.0,3.0,0.4886805132872119,31.0,3.32258064408949,0.029126213589405224,4.0,2204.34,551.085,1.0,0
765,103.0,555.0925242718447,248.6036375978818,100.93,993.55,57174.53,1.0,31.0,2.0,0.44785981926078844,31.0,3.32258064408949,0.019417475726270148,4.0,2708.12,677.03,2.0,0
766,103.0,538.3072815533981,259.3324757957274,106.47,992.24,55445.65,1.0,31.0,3.0,0.4817554669566272,31.0,3.32258064408949,0.029126213589405224,10.0,6219.95,621.995,2.0,0
767,103.0,565.0693203883495,252.6975804692712,106.54,980.67,58202.14,1.0,31.0,2.0,0.44719748771908246,31.0,3.32258064408949,0.019417475726270148,196.0,102623.38,523.5886734693878,2.0,0
768,103.0,596.5213592233009,270.8056272225326,139.38,988.4,61441.7,1.0,31.0,3.0,0.453974737083337,31.0,3.32258064408949,0.029126213589405224,14.0,7357.37,525.5264285714286,2.0,0
769,103.0,559.8638834951456,256.0630334669571,104.7,989.38,57665.98,1.0,31.0,2.0,0.45736658679216924,31.0,3.32258064408949,0.019417475726270148,8.0,4413.46,551.6825,1.0,0
770,97.0,590.089381443299,273.2722299466781,8.28,996.97,57238.67,1.0,31.0,3.0,0.4631031137582087,31.0,3.129032257055151,0.030927835048357957,6.0,2490.87,415.145,2.0,0
771,103.0,542.0646601941747,262.97769638826315,107.03,988.93,55832.66,1.0,31.0,3.0,0.4851408248772566,31.0,3.32258064408949,0.029126213589405224,103.0,49297.25,478.61407766990294,2.0,0
772,103.0,573.3158252427185,259.24977002475947,102.14,996.1,59051.53,1.0,31.0,2.0,0.4521936402339527,31.0,3.32258064408949,0.019417475726270148,6.0,3853.6,642.2666666666667,2.0,0
773,102.0,576.7187254901961,283.09019792939864,100.33,996.12,58825.31,1.0,31.0,2.0,0.4908635447615657,31.0,3.290322579583767,0.019607843135332564,4.0,2140.63,535.1575,2.0,0
774,103.0,569.0734951456311,266.43615750291684,119.05,991.03,58614.57,1.0,31.0,3.0,0.4681928780219354,31.0,3.32258064408949,0.029126213589405224,116.0,61979.14,534.3029310344828,2.0,0
775,103.0,546.0985436893204,257.3660534100377,121.87,998.31,56248.15,1.0,31.0,2.0,0.4712813399329304,31.0,3.32258064408949,0.019417475726270148,10.0,5464.27,546.427,1.0,0
776,103.0,543.8528155339807,253.32549116764463,100.58,992.47,56016.840000000004,1.0,31.0,3.0,0.4657978848822536,31.0,3.32258064408949,0.029126213589405224,2.0,1645.47,822.735,1.0,0
777,103.0,553.0135922330097,269.2689161372951,101.47,993.85,56960.4,1.0,31.0,3.0,0.4869119311247792,31.0,3.32258064408949,0.029126213589405224,12.0,7709.67,642.4725,2.0,0
778,103.0,531.6550485436893,258.4122582796031,102.24,979.32,54760.47,1.0,31.0,2.0,0.48605248644320415,31.0,3.32258064408949,0.019417475726270148,10.0,6629.69,662.9689999999999,2.0,0
779,103.0,595.406213592233,255.84840918516844,104.02,993.83,61326.84,1.0,31.0,2.0,0.42970396233736735,31.0,3.32258064408949,0.019417475726270148,4.0,2598.71,649.6775,1.0,0
780,103.0,546.6966990291262,257.31223922251087,101.22,993.11,56309.76,1.0,31.0,1.0,0.47066726335601206,31.0,3.32258064408949,0.009708737863135074,0.0,0.0,0.0,0.0,0
781,104.0,548.4907692307693,255.38476247089434,106.45,987.72,57043.04,1.0,31.0,1.0,0.4656136015277021,31.0,3.354838708595213,0.00961538461446006,0.0,0.0,0.0,0.0,0
782,104.0,522.6427884615384,260.5219690509198,102.18,999.55,54354.85,1.0,31.0,1.0,0.4984704176495244,31.0,3.354838708595213,0.00961538461446006,0.0,0.0,0.0,0.0,0
783,104.0,557.7453846153846,271.97080678904064,103.57,997.68,58005.52,1.0,31.0,1.0,0.48762538299032737,31.0,3.354838708595213,0.00961538461446006,0.0,0.0,0.0,0.0,0
784,104.0,537.6752884615385,252.14882304123694,110.39,986.02,55918.229999999996,1.0,31.0,1.0,0.4689611526652564,31.0,3.354838708595213,0.00961538461446006,0.0,0.0,0.0,0.0,0
785,104.0,519.8475961538462,271.2809956537747,102.33,967.81,54064.15,1.0,31.0,1.0,0.5218471676230894,31.0,3.354838708595213,0.00961538461446006,0.0,0.0,0.0,0.0,0
786,103.0,548.9039805825242,263.79380731013396,100.23,990.2,56537.11,1.0,31.0,1.0,0.480582791593854,31.0,3.32258064408949,0.009708737863135074,0.0,0.0,0.0,0.0,0
787,104.0,517.2327884615385,245.53570806081484,119.65,995.56,53792.21,1.0,31.0,1.0,0.4747102533588236,31.0,3.354838708595213,0.00961538461446006,0.0,0.0,0.0,0.0,0
788,104.0,499.14721153846153,264.8368001349911,100.47,965.38,51911.31,1.0,31.0,1.0,0.5305785427778122,31.0,3.354838708595213,0.00961538461446006,0.0,0.0,0.0,0.0,0
789,103.0,564.318932038835,247.89359427024493,106.77,999.82,58124.85,1.0,31.0,1.0,0.4392792447530233,31.0,3.32258064408949,0.009708737863135074,0.0,0.0,0.0,0.0,0
790,104.0,526.9524038461539,251.93835158431082,102.43,974.52,54803.05,1.0,31.0,1.0,0.4781045683455774,31.0,3.354838708595213,0.00961538461446006,0.0,0.0,0.0,0.0,0
791,104.0,549.4211538461539,248.84258224130326,106.73,995.0,57139.8,1.0,31.0,1.0,0.45291773076952496,31.0,3.354838708595213,0.00961538461446006,0.0,0.0,0.0,0.0,0
792,103.0,568.3783495145631,254.25514446025298,105.99,998.02,58542.97,1.0,31.0,1.0,0.4473343234712093,31.0,3.32258064408949,0.009708737863135074,0.0,0.0,0.0,0.0,0
793,104.0,578.2166346153846,252.38663467456163,104.26,997.73,60134.53,1.0,31.0,1.0,0.4364914801146772,31.0,3.354838708595213,0.00961538461446006,0.0,0.0,0.0,0.0,0
794,104.0,540.9552884615384,249.35426936858966,111.96,963.46,56259.35,1.0,31.0,1.0,0.46095171760523246,31.0,3.354838708595213,0.00961538461446006,0.0,0.0,0.0,0.0,0
795,104.0,526.9132692307693,246.75661716249925,101.74,999.44,54798.98,1.0,31.0,1.0,0.46830594628609656,31.0,3.354838708595213,0.00961538461446006,0.0,0.0,0.0,0.0,0
796,105.0,546.4368571428572,250.42112505473912,106.38,998.19,57375.87,1.0,31.0,2.0,0.4582800771520573,31.0,3.3870967731009363,0.01904761904580499,1.0,523.75,523.75,1.0,1
797,103.0,487.3946601941748,244.12414579558202,102.29,975.16,50201.65,1.0,31.0,1.0,0.500875708595814,31.0,3.32258064408949,0.009708737863135074,0.0,0.0,0.0,0.0,0
798,104.0,572.1685576923077,274.3508616395537,106.43,998.06,59505.53,1.0,31.0,1.0,0.479493075853873,31.0,3.354838708595213,0.00961538461446006,0.0,0.0,0.0,0.0,0
799,104.0,519.8359615384616,256.8344110209988,107.64,989.99,54062.94,1.0,31.0,1.0,0.4940681869256471,31.0,3.354838708595213,0.00961538461446006,0.0,0.0,0.0,0.0,0
800,93.0,557.241935483871,259.5188271475488,16.81,986.85,51823.5,1.0,31.0,1.0,0.46572020269354475,31.0,2.999999999032258,0.010752688170886808,0.0,0.0,0.0,0.0,0
801,104.0,555.15125,260.70699592017723,111.43,986.14,57735.73,1.0,31.0,1.0,0.46961435449434924,31.0,3.354838708595213,0.00961538461446006,0.0,0.0,0.0,0.0,0
802,104.0,518.5831730769231,270.291628608174,108.31,989.61,53932.65,1.0,31.0,1.0,0.5212117219292587,31.0,3.354838708595213,0.00961538461446006,0.0,0.0,0.0,0.0,0
803,100.0,554.4037999999999,257.1967580807199,47.48,987.38,55440.38,1.0,31.0,1.0,0.46391593649985946,31.0,3.2258064505723203,0.009999999999,0.0,0.0,0.0,0.0,0
804,104.0,550.5752884615384,248.8741604032464,102.36,979.31,57259.83,1.0,31.0,1.0,0.45202566409064643,31.0,3.354838708595213,0.00961538461446006,0.0,0.0,0.0,0.0,0
805,104.0,539.9035576923077,245.64470446734853,114.93,994.22,56149.97,1.0,31.0,1.0,0.4549788586553309,31.0,3.354838708595213,0.00961538461446006,0.0,0.0,0.0,0.0,0
806,104.0,528.8854807692308,257.31091811715044,103.88,995.42,55004.09,1.0,31.0,1.0,0.4865153751962385,31.0,3.354838708595213,0.00961538461446006,0.0,0.0,0.0,0.0,0
807,104.0,534.5151923076924,268.65964031454973,128.17,998.42,55589.58,1.0,31.0,1.0,0.5026230202169263,31.0,3.354838708595213,0.00961538461446006,0.0,0.0,0.0,0.0,0
808,104.0,568.5161538461539,241.19143582465898,113.98,996.53,59125.68,1.0,31.0,1.0,0.42424728688656627,31.0,3.354838708595213,0.00961538461446006,0.0,0.0,0.0,0.0,0
809,104.0,538.9485576923078,239.23558820729374,106.23,999.57,56050.65,1.0,31.0,1.0,0.4438931782788763,31.0,3.354838708595213,0.00961538461446006,0.0,0.0,0.0,0.0,0
810,104.0,546.45875,262.06993518068185,100.56,983.63,56831.71,1.0,31.0,1.0,0.4795786235939786,31.0,3.354838708595213,0.00961538461446006,0.0,0.0,0.0,0.0,0
811,104.0,531.1407692307693,247.7316870454663,112.04,983.69,55238.64,1.0,31.0,1.0,0.4664143695833826,31.0,3.354838708595213,0.00961538461446006,0.0,0.0,0.0,0.0,0
812,104.0,601.0263461538461,252.85727745365975,105.22,998.79,62506.74,1.0,31.0,1.0,0.42070914040218826,31.0,3.354838708595213,0.00961538461446006,0.0,0.0,0.0,0.0,0
813,104.0,530.7080769230769,271.72992682118485,101.24,975.69,55193.64,1.0,31.0,1.0,0.5120139274900284,31.0,3.354838708595213,0.00961538461446006,0.0,0.0,0.0,0.0,0
814,104.0,551.2597115384616,245.7952663066377,107.8,965.35,57331.01,1.0,31.0,1.0,0.44587924921306293,31.0,3.354838708595213,0.00961538461446006,0.0,0.0,0.0,0.0,0
815,103.0,551.3275728155339,258.6483188616029,101.31,998.46,56786.74,1.0,31.0,1.0,0.4691372817362273,31.0,3.32258064408949,0.009708737863135074,0.0,0.0,0.0,0.0,0
816,104.0,523.5791346153846,269.25560701127625,100.64,996.55,54452.23,1.0,31.0,1.0,0.5142596203798797,31.0,3.354838708595213,0.00961538461446006,0.0,0.0,0.0,0.0,0
817,104.0,543.0052884615385,263.5490240202986,102.12,990.89,56472.55,1.0,31.0,1.0,0.4853525916149755,31.0,3.354838708595213,0.00961538461446006,0.0,0.0,0.0,0.0,0
818,104.0,551.1142307692307,279.9000134954308,105.69,995.88,57315.88,1.0,31.0,1.0,0.5078802140523117,31.0,3.354838708595213,0.00961538461446006,0.0,0.0,0.0,0.0,0
819,104.0,573.32375,253.3880889231597,114.12,997.37,59625.67,1.0,31.0,1.0,0.4419633565132093,31.0,3.354838708595213,0.00961538461446006,0.0,0.0,0.0,0.0,0
820,0.0,0.0,0.0,0.0,0.0,0.0,0.0,0.0,0.0,0.0,0.0,0.0,0.0,0.0,0.0,0.0,0.0,0
821,0.0,0.0,0.0,0.0,0.0,0.0,0.0,0.0,0.0,0.0,0.0,0.0,0.0,0.0,0.0,0.0,0.0,0
822,104.0,559.0948076923077,243.84991990332057,108.67,996.61,58145.86,1.0,31.0,2.0,0.4361512869444487,31.0,3.354838708595213,0.01923076922892012,0.0,0.0,0.0,0.0,0
823,0.0,0.0,0.0,0.0,0.0,0.0,0.0,0.0,0.0,0.0,0.0,0.0,0.0,0.0,0.0,0.0,0.0,0
824,0.0,0.0,0.0,0.0,0.0,0.0,0.0,0.0,0.0,0.0,0.0,0.0,0.0,0.0,0.0,0.0,0.0,0
825,0.0,0.0,0.0,0.0,0.0,0.0,0.0,0.0,0.0,0.0,0.0,0.0,0.0,0.0,0.0,0.0,0.0,0
826,0.0,0.0,0.0,0.0,0.0,0.0,0.0,0.0,0.0,0.0,0.0,0.0,0.0,0.0,0.0,0.0,0.0,0
827,0.0,0.0,0.0,0.0,0.0,0.0,0.0,0.0,0.0,0.0,0.0,0.0,0.0,0.0,0.0,0.0,0.0,0
828,0.0,0.0,0.0,0.0,0.0,0.0,0.0,0.0,0.0,0.0,0.0,0.0,0.0,0.0,0.0,0.0,0.0,0
829,0.0,0.0,0.0,0.0,0.0,0.0,0.0,0.0,0.0,0.0,0.0,0.0,0.0,0.0,0.0,0.0,0.0,0
830,0.0,0.0,0.0,0.0,0.0,0.0,0.0,0.0,0.0,0.0,0.0,0.0,0.0,0.0,0.0,0.0,0.0,0
831,0.0,0.0,0.0,0.0,0.0,0.0,0.0,0.0,0.0,0.0,0.0,0.0,0.0,1.0,621.09,621.09,1.0,1
832,0.0,0.0,0.0,0.0,0.0,0.0,0.0,0.0,0.0,0.0,0.0,0.0,0.0,0.0,0.0,0.0,0.0,0
833,0.0,0.0,0.0,0.0,0.0,0.0,0.0,0.0,0.0,0.0,0.0,0.0,0.0,0.0,0.0,0.0,0.0,0
834,0.0,0.0,0.0,0.0,0.0,0.0,0.0,0.0,0.0,0.0,0.0,0.0,0.0,0.0,0.0,0.0,0.0,0
835,0.0,0.0,0.0,0.0,0.0,0.0,0.0,0.0,0.0,0.0,0.0,0.0,0.0,81.0,41794.77,515.9848148148147,1.0,0
836,0.0,0.0,0.0,0.0,0.0,0.0,0.0,0.0,0.0,0.0,0.0,0.0,0.0,0.0,0.0,0.0,0.0,0
837,0.0,0.0,0.0,0.0,0.0,0.0,0.0,0.0,0.0,0.0,0.0,0.0,0.0,0.0,0.0,0.0,0.0,0
838,0.0,0.0,0.0,0.0,0.0,0.0,0.0,0.0,0.0,0.0,0.0,0.0,0.0,0.0,0.0,0.0,0.0,0
839,0.0,0.0,0.0,0.0,0.0,0.0,0.0,0.0,0.0,0.0,0.0,0.0,0.0,0.0,0.0,0.0,0.0,0
840,0.0,0.0,0.0,0.0,0.0,0.0,0.0,0.0,0.0,0.0,0.0,0.0,0.0,0.0,0.0,0.0,0.0,0
841,0.0,0.0,0.0,0.0,0.0,0.0,0.0,0.0,0.0,0.0,0.0,0.0,0.0,47.0,24598.84,523.3795744680851,1.0,0
842,0.0,0.0,0.0,0.0,0.0,0.0,0.0,0.0,0.0,0.0,0.0,0.0,0.0,0.0,0.0,0.0,0.0,0
843,0.0,0.0,0.0,0.0,0.0,0.0,0.0,0.0,0.0,0.0,0.0,0.0,0.0,0.0,0.0,0.0,0.0,0
844,0.0,0.0,0.0,0.0,0.0,0.0,0.0,0.0,0.0,0.0,0.0,0.0,0.0,0.0,0.0,0.0,0.0,0
845,0.0,0.0,0.0,0.0,0.0,0.0,0.0,0.0,0.0,0.0,0.0,0.0,0.0,0.0,0.0,0.0,0.0,0
846,0.0,0.0,0.0,0.0,0.0,0.0,0.0,0.0,0.0,0.0,0.0,0.0,0.0,0.0,0.0,0.0,0.0,0
847,0.0,0.0,0.0,0.0,0.0,0.0,0.0,0.0,0.0,0.0,0.0,0.0,0.0,0.0,0.0,0.0,0.0,0
848,0.0,0.0,0.0,0.0,0.0,0.0,0.0,0.0,0.0,0.0,0.0,0.0,0.0,0.0,0.0,0.0,0.0,0
849,92.0,582.0918478260869,265.2361803877026,72.65,999.54,53552.45,1.0,31.0,2.0,0.4556603590545238,31.0,2.9677419345265346,0.02173913043241966,0.0,0.0,0.0,0.0,0
850,0.0,0.0,0.0,0.0,0.0,0.0,0.0,0.0,0.0,0.0,0.0,0.0,0.0,0.0,0.0,0.0,0.0,0
851,0.0,0.0,0.0,0.0,0.0,0.0,0.0,0.0,0.0,0.0,0.0,0.0,0.0,0.0,0.0,0.0,0.0,0
852,0.0,0.0,0.0,0.0,0.0,0.0,0.0,0.0,0.0,0.0,0.0,0.0,0.0,0.0,0.0,0.0,0.0,0
853,0.0,0.0,0.0,0.0,0.0,0.0,0.0,0.0,0.0,0.0,0.0,0.0,0.0,0.0,0.0,0.0,0.0,0
854,0.0,0.0,0.0,0.0,0.0,0.0,0.0,0.0,0.0,0.0,0.0,0.0,0.0,0.0,0.0,0.0,0.0,0
855,0.0,0.0,0.0,0.0,0.0,0.0,0.0,0.0,0.0,0.0,0.0,0.0,0.0,0.0,0.0,0.0,0.0,0
856,0.0,0.0,0.0,0.0,0.0,0.0,0.0,0.0,0.0,0.0,0.0,0.0,0.0,0.0,0.0,0.0,0.0,0
857,0.0,0.0,0.0,0.0,0.0,0.0,0.0,0.0,0.0,0.0,0.0,0.0,0.0,0.0,0.0,0.0,0.0,0
858,0.0,0.0,0.0,0.0,0.0,0.0,0.0,0.0,0.0,0.0,0.0,0.0,0.0,0.0,0.0,0.0,0.0,0
859,104.0,568.4232692307692,253.49944837243874,107.9,999.0,59116.02,1.0,31.0,2.0,0.4459695126679675,31.0,3.354838708595213,0.01923076922892012,0.0,0.0,0.0,0.0,0
860,0.0,0.0,0.0,0.0,0.0,0.0,0.0,0.0,0.0,0.0,0.0,0.0,0.0,0.0,0.0,0.0,0.0,0
861,0.0,0.0,0.0,0.0,0.0,0.0,0.0,0.0,0.0,0.0,0.0,0.0,0.0,0.0,0.0,0.0,0.0,0
862,147.0,525.9465986394557,254.03877907105664,77.05,994.88,77314.15,1.0,31.0,2.0,0.4830124954194711,31.0,4.741935482341311,0.013605442175945207,2.0,788.15,394.075,1.0,0
863,175.0,534.8035428571428,262.52126380656176,27.6,998.71,93590.62,1.0,31.0,2.0,0.4908742047577982,31.0,5.64516128850156,0.011428571427918368,6.0,3836.07,639.345,1.0,0
864,132.0,542.7032575757576,261.24938939406695,37.85,996.73,71636.83,1.0,31.0,2.0,0.48138533488125324,31.0,4.258064514755463,0.015151515150367308,4.0,2224.48,556.12,1.0,0
865,172.0,529.5724418604651,270.64090525765096,71.15,995.62,91086.46,1.0,31.0,2.0,0.5110554928080084,31.0,5.548387094984391,0.011627906976068145,4.0,2793.99,698.4975,1.0,0
866,98.0,542.4536734693877,263.93864720699634,94.97,997.81,53160.46,1.0,31.0,2.0,0.48656440192219574,31.0,3.161290321560874,0.020408163263223658,4.0,2491.82,622.955,1.0,0
867,178.0,516.0148876404494,263.5519539627015,51.47,995.67,91850.65,1.0,31.0,3.0,0.5107448646738127,31.0,5.7419354820187305,0.016853932583322812,8.0,4586.66,573.3325,1.0,1
868,140.0,534.7482857142857,268.16015774949557,4.66,996.07,74864.76,1.0,31.0,2.0,0.5014698782742018,31.0,4.516129030801249,0.014285714284693878,4.0,2368.02,592.005,1.0,0
869,162.0,558.4308024691358,270.0240433186636,42.57,998.59,90465.79,1.0,31.0,2.0,0.4835407397297936,31.0,5.225806449927159,0.012345679011583599,4.0,2014.74,503.685,1.0,0
870,176.0,559.1126704545454,262.2708522843718,110.54,988.73,98403.83,1.0,31.0,2.0,0.4690840793617876,31.0,5.677419353007284,0.011363636362990702,2.0,428.78999999999996,214.39499999999998,1.0,0
871,115.0,582.9236521739131,267.2523041580235,22.66,985.75,67036.22,1.0,31.0,2.0,0.45846879459560014,31.0,3.7096774181581686,0.0173913043463138,4.0,3006.6800000000003,751.6700000000001,1.0,0
872,123.0,535.8936585365853,275.4646012284482,8.07,995.26,65914.92,1.0,31.0,2.0,0.514028477171282,31.0,3.967741934203954,0.01626016260030405,0.0,0.0,0.0,0.0,0
873,147.0,563.0162585034013,261.4651555695351,7.09,999.89,82763.39,1.0,31.0,2.0,0.464400719545671,31.0,4.741935482341311,0.013605442175945207,2.0,703.24,351.62,1.0,0
874,125.0,480.22832,270.9850626455148,19.2,999.18,60028.54,1.0,31.0,2.0,0.5642838028375169,31.0,4.032258063215401,0.01599999999872,8.0,3904.8,488.1,1.0,0
875,162.0,558.8532098765432,260.9926376716885,62.03,996.79,90534.22,1.0,31.0,2.0,0.4670146526038107,31.0,5.225806449927159,0.012345679011583599,2.0,1268.24,634.12,1.0,0
876,172.0,551.3276162790698,278.08591521834165,7.51,992.57,94828.35,1.0,31.0,2.0,0.5043932264632591,31.0,5.548387094984391,0.011627906976068145,2.0,1724.96,862.48,1.0,0
877,178.0,542.4239887640449,258.0240155956667,16.28,990.97,96551.47,1.0,31.0,2.0,0.47568695510469133,31.0,5.7419354820187305,0.011235955055548542,3.0,1784.67,594.89,1.0,0
878,118.0,548.3626271186441,256.62471782883966,113.01,986.35,64706.79,1.0,31.0,2.0,0.46798360269843176,31.0,3.806451611675338,0.016949152540936513,2.0,1342.3600000000001,671.1800000000001,1.0,0
879,186.0,524.512311827957,283.3150605636667,30.96,996.62,97559.29,1.0,31.0,2.0,0.5401494953872391,31.0,5.999999998064516,0.010752688171464908,4.0,2354.52,588.63,1.0,0
880,182.0,523.5487362637363,242.2634134973514,92.22,996.56,95285.87,1.0,31.0,2.0,0.46273325998572273,31.0,5.870967740041623,0.010989010988407197,2.0,1187.29,593.645,1.0,0
881,105.0,523.0261904761904,280.30418921778585,47.68,985.79,54917.75,1.0,31.0,2.0,0.5359276348230725,31.0,3.3870967731009363,0.01904761904580499,2.0,1898.0,949.0,1.0,0
882,130.0,534.0171538461539,261.9146001632179,107.87,988.0,69422.23,1.0,31.0,2.0,0.4904610240924374,31.0,4.193548385744016,0.015384615383431952,2.0,1613.04,806.52,1.0,0
883,135.0,556.6922962962964,280.14998757579406,17.04,998.3,75153.46,1.0,31.0,2.0,0.5032402809139169,31.0,4.3548387082726325,0.01481481481371742,2.0,511.77,255.885,1.0,0
884,138.0,572.786884057971,276.62474716524304,0.8,997.07,79044.59,1.0,31.0,2.0,0.4829453237487484,31.0,4.451612901789802,0.014492753622138206,8.0,3550.71,443.83875,1.0,0
885,156.0,531.5239102564102,253.71781660219574,103.83,986.92,82917.73,1.0,31.0,2.0,0.4773403636254621,31.0,5.0322580628928195,0.012820512819690991,0.0,0.0,0.0,0.0,0
886,157.0,486.3550955414013,246.72661778289546,17.38,973.61,76357.75,1.0,30.0,2.0,0.5072972814300858,30.0,5.233333331588889,0.012738853502373321,4.0,2377.95,594.4875,1.0,0
887,111.0,517.1054954954955,261.9953634625785,86.03,983.17,57398.71,1.0,31.0,2.0,0.5066574726815956,31.0,3.580645160135276,0.018018018016394775,0.0,0.0,0.0,0.0,0
888,122.0,523.322213114754,261.9051127321247,28.45,997.37,63845.31,1.0,31.0,2.0,0.5004662637350911,31.0,3.935483869698231,0.016393442621607097,2.0,1163.09,581.545,1.0,0
889,149.0,536.7269798657719,253.04292845047092,100.27,999.65,79972.32,1.0,31.0,2.0,0.47145557786016073,31.0,4.806451611352758,0.013422818791045447,0.0,0.0,0.0,0.0,0
890,117.0,523.3888034188034,255.1019004753631,77.73,996.9,61236.49,1.0,31.0,2.0,0.48740419895142945,31.0,3.774193547169615,0.017094017092556067,4.0,2075.44,518.86,1.0,0
891,92.0,561.0153260869565,269.98160233392497,99.42,995.64,51613.41,1.0,31.0,2.0,0.4812374810011266,31.0,2.9677419345265346,0.02173913043241966,0.0,0.0,0.0,0.0,0
892,134.0,543.3594029850747,251.09355045049722,106.41,989.26,72810.16,1.0,31.0,2.0,0.46211319628671865,31.0,4.322580643766909,0.014925373133214523,2.0,1195.35,597.675,1.0,0
893,130.0,511.8023846153846,259.3491288591615,93.22,995.94,66534.31,1.0,31.0,2.0,0.5067368512731587,31.0,4.193548385744016,0.015384615383431952,4.0,2777.9,694.475,1.0,0
894,142.0,499.41936619718314,252.92728323765,19.85,977.28,70917.55,1.0,31.0,3.0,0.5064426819458251,31.0,4.580645159812695,0.021126760561892482,8.0,3846.29,480.78625,1.0,1
895,172.0,571.3800581395349,274.87003772755486,100.39,997.43,98277.37,1.0,31.0,2.0,0.4810634074590316,31.0,5.548387094984391,0.011627906976068145,0.0,0.0,0.0,0.0,0
896,122.0,479.81254098360654,264.5791210554014,19.72,999.55,58537.13,1.0,31.0,2.0,0.5514218542673042,31.0,3.935483869698231,0.016393442621607097,12.0,4778.65,398.2208333333333,1.0,0
897,169.0,572.3438461538461,267.161943912302,106.17,993.58,96726.11,1.0,31.0,2.0,0.4667857367611513,31.0,5.451612901467222,0.011834319525926963,0.0,0.0,0.0,0.0,0
898,143.0,521.886923076923,273.5919582878153,47.6,997.61,74629.83,1.0,30.0,2.0,0.5242360867552283,30.0,4.766666665077778,0.013986013985035942,0.0,0.0,0.0,0.0,0
899,112.0,580.5275,265.9317158764802,55.84,979.75,65019.08,1.0,31.0,2.0,0.4580863367745702,31.0,3.612903224640999,0.017857142855548472,0.0,0.0,0.0,0.0,0
900,153.0,514.7182352941177,251.59149648868888,67.9,990.3,78751.89,1.0,31.0,2.0,0.4887946049551514,31.0,4.93548386937565,0.013071895423982228,12.0,6084.92,507.07666666666665,1.0,1
901,140.0,560.1849285714286,247.24825673744817,8.18,999.49,78425.89,1.0,31.0,2.0,0.4413689910643644,31.0,4.516129030801249,0.014285714284693878,2.0,1314.17,657.085,1.0,0
902,116.0,526.0960344827586,263.6994162921746,102.98,992.44,61027.14,1.0,31.0,2.0,0.5012381751678158,31.0,3.7419354826638918,0.017241379308858502,2.0,1142.8400000000001,571.4200000000001,1.0,0
903,310.0,570.9972258064516,268.4330010772891,101.64,998.57,177009.14,1.0,31.0,2.0,0.47011261866196435,31.0,9.999999996774193,0.00645161290301769,206.0,111795.04,542.6943689320389,1.0,0
904,182.0,534.6103846153846,241.39620104021282,6.59,999.55,97299.09,1.0,31.0,2.0,0.45153668537390157,31.0,5.870967740041623,0.010989010988407197,4.0,2501.9700000000003,625.4925000000001,1.0,0
905,184.0,534.1009239130435,254.64758512836912,102.19,994.82,98274.57,1.0,31.0,2.0,0.4767780277516619,31.0,5.935483869053069,0.010869565216800567,2.0,1913.24,956.62,1.0,0
906,145.0,527.2768275862069,265.63274639346054,88.79,999.49,76455.14,1.0,31.0,2.0,0.5037823255090671,31.0,4.6774193533298645,0.013793103447324612,2.0,1322.07,661.035,1.0,0
907,137.0,538.337299270073,280.6631387014345,8.28,995.57,73752.21,1.0,31.0,2.0,0.5213518347637619,31.0,4.419354837284079,0.014598540144919814,22.0,13740.55,624.5704545454545,1.0,0
908,124.0,543.1947580645161,249.3948562963868,104.68,998.0,67356.15,1.0,31.0,2.0,0.4591260364522415,31.0,3.9999999987096775,0.01612903225676379,2.0,901.9000000000001,450.95000000000005,1.0,0
909,110.0,562.7336363636364,256.72195842769105,25.31,998.9,61900.7,1.0,31.0,2.0,0.4562051063484611,31.0,3.5483870956295522,0.01818181818016529,2.0,989.78,494.89,1.0,0
910,307.0,526.0537133550488,266.3009867370872,100.57,999.15,161498.49,1.0,31.0,2.0,0.5062239462841521,31.0,9.903225803257024,0.006514657980243822,155.0,81141.63,523.4943870967742,1.0,0
911,310.0,538.3882258064516,264.56836134541373,102.08,997.19,166900.35,1.0,31.0,2.0,0.4914081487279978,31.0,9.999999996774193,0.00645161290301769,152.0,82869.02,545.1909210526316,1.0,0
912,254.0,487.20779527559057,276.3067576645355,0.91,994.28,123750.78,1.0,31.0,3.0,0.5671230229445949,31.0,8.193548384453694,0.011811023621582243,52.0,28853.69,554.8786538461538,2.0,1
913,183.0,541.2191803278689,267.1677478106285,31.92,997.96,99043.11,1.0,31.0,2.0,0.4936405757900943,31.0,5.903225804547346,0.010928961748036668,2.0,745.4200000000001,372.71000000000004,1.0,0
914,224.0,507.8058482142857,274.9036136738412,25.4,997.1,113748.51,1.0,31.0,2.0,0.5413557457739693,31.0,7.225806449281998,0.008928571428172832,113.0,58790.729999999996,520.2719469026548,1.0,0
915,148.0,531.8527702702703,274.5057409726931,94.23,994.7,78714.21,1.0,31.0,2.0,0.516131072943433,31.0,4.774193546847034,0.013513513512600437,2.0,1361.28,680.64,1.0,0
916,102.0,547.6327450980392,280.7667821109618,11.29,990.38,55858.54,1.0,31.0,2.0,0.5126917347785166,31.0,3.290322579583767,0.019607843135332564,8.0,4794.08,599.26,1.0,0
917,117.0,548.2207692307693,279.61192026706885,21.08,995.66,64141.83,1.0,31.0,2.0,0.5100352557862835,31.0,3.774193547169615,0.017094017092556067,2.0,899.11,449.555,1.0,0
918,184.0,505.1658695652174,285.8460500310709,12.62,998.12,92950.52,1.0,31.0,2.0,0.5658459275394682,31.0,5.935483869053069,0.010869565216800567,35.0,19075.7,545.02,1.0,0
919,139.0,526.17654676259,270.69276366045267,108.88,999.13,73138.54000000001,1.0,31.0,2.0,0.5144523550523135,31.0,4.483870966295525,0.01438848920759795,2.0,1093.43,546.715,1.0,0
920,159.0,533.3229559748428,273.13259398718594,13.88,995.82,84798.35,1.0,31.0,2.0,0.5121335785796336,31.0,5.12903225640999,0.01257861635141015,8.0,5542.23,692.77875,1.0,0
921,185.0,539.6921621621622,266.2037581351916,98.4,995.73,99843.05,1.0,31.0,2.0,0.49325111015837286,31.0,5.967741933558793,0.010810810810226442,2.0,1019.25,509.625,1.0,0
922,137.0,552.8239416058394,291.720820274125,85.01,999.96,75736.88,1.0,31.0,2.0,0.527692088409665,31.0,4.419354837284079,0.014598540144919814,8.0,4061.54,507.6925,1.0,0
923,167.0,541.834251497006,257.21195818667826,55.51,998.25,90486.32,1.0,31.0,2.0,0.4747059778360144,31.0,5.3870967724557755,0.011976047903474488,0.0,0.0,0.0,0.0,0
924,120.0,542.7381666666666,261.62226765140696,75.88,998.09,65128.58,1.0,31.0,2.0,0.4820414035987025,31.0,3.8709677406867846,0.016666666665277777,4.0,2718.16,679.54,1.0,0
925,109.0,579.4542201834863,252.55061088047128,54.47,992.1,63160.51,1.0,31.0,2.0,0.43584221510396765,31.0,3.516129031123829,0.018348623851527652,2.0,1153.33,576.665,1.0,0
926,213.0,428.87863849765256,282.6244283222141,9.82,994.7,91351.15,1.0,31.0,2.0,0.6589846239617998,31.0,6.870967739719043,0.009389671361061518,52.0,27584.48,530.4707692307692,1.0,0
927,146.0,512.1639041095891,286.6730434252963,70.8,999.82,74775.93000000001,1.0,31.0,2.0,0.559729104529707,31.0,4.709677417835588,0.013698630136048039,4.0,2114.0499999999997,528.5124999999999,1.0,0
928,138.0,500.6979710144928,265.90851355542316,29.26,991.19,69096.32,1.0,31.0,2.0,0.531075676243185,31.0,4.451612901789802,0.014492753622138206,8.0,4501.67,562.70875,1.0,0
929,169.0,521.9536686390533,271.00621583898356,4.38,999.04,88210.17,1.0,31.0,2.0,0.5192150800288758,31.0,5.451612901467222,0.011834319525926963,2.0,961.2,480.6,1.0,0
930,138.0,521.0417391304347,266.12176724723736,40.25,992.99,71903.76,1.0,31.0,2.0,0.5107494222751902,31.0,4.451612901789802,0.014492753622138206,4.0,2352.08,588.02,1.0,0
931,116.0,508.61551724137934,247.11612629216074,58.5,990.19,58999.4,1.0,31.0,2.0,0.4858603756873298,31.0,3.7419354826638918,0.017241379308858502,2.0,1856.81,928.405,1.0,0
932,141.0,518.2132624113476,270.1750614733673,103.78,997.27,73068.07,1.0,31.0,2.0,0.5213588324833223,31.0,4.548387095306972,0.014184397162114582,2.0,756.96,378.48,1.0,0
933,135.0,545.7311851851853,241.174137892389,72.44,995.59,73673.71,1.0,31.0,2.0,0.44192845202007486,31.0,4.3548387082726325,0.01481481481371742,2.0,759.3399999999999,379.66999999999996,1.0,0
934,143.0,538.1604895104895,258.31987948487944,48.05,985.43,76956.95,1.0,31.0,2.0,0.48000528562594225,31.0,4.612903224318418,0.013986013985035942,2.0,1525.81,762.905,1.0,0
935,107.0,514.0567289719626,258.76427385577233,88.74,990.92,55004.07,1.0,31.0,2.0,0.5033768828748314,31.0,3.451612902112383,0.018691588783299854,2.0,977.1800000000001,488.59000000000003,1.0,0
936,165.0,571.6952727272727,254.50686912375303,81.74,999.95,94329.72,1.0,31.0,2.0,0.44517924366450684,31.0,5.322580643444328,0.012121212120477502,4.0,1705.92,426.48,1.0,0
937,148.0,541.122635135135,254.62270667981358,17.57,999.06,80086.15,1.0,31.0,2.0,0.47054528889097563,31.0,4.774193546847034,0.013513513512600437,2.0,1647.0300000000002,823.5150000000001,1.0,0
938,120.0,555.3944166666666,277.62153838959995,102.52,999.96,66647.33,1.0,31.0,2.0,0.49986375457429666,31.0,3.8709677406867846,0.016666666665277777,2.0,902.27,451.135,1.0,0
939,142.0,534.4071126760563,250.69366848376004,36.92,997.69,75885.81,1.0,31.0,2.0,0.46910615995306365,31.0,4.580645159812695,0.014084507041261653,4.0,2245.75,561.4375,1.0,0
940,190.0,527.9441578947368,263.37090381388396,85.99,995.92,100309.39,1.0,31.0,2.0,0.49886129029087023,31.0,6.129032256087409,0.010526315788919667,2.0,981.45,490.725,1.0,0
941,184.0,515.9235869565217,255.59679399967126,61.07,994.67,94929.94,1.0,31.0,2.0,0.4954159888337436,31.0,5.935483869053069,0.010869565216800567,6.0,3750.02,625.0033333333333,1.0,0
942,151.0,549.2920529801324,282.81365020408265,26.3,996.49,82943.1,1.0,31.0,2.0,0.5148693644201752,31.0,4.870967740364204,0.013245033111705625,12.0,5998.22,499.8516666666667,1.0,0
943,120.0,524.2991666666667,266.75590816414206,103.41,977.3,62915.9,1.0,31.0,2.0,0.5087856802348294,31.0,3.8709677406867846,0.016666666665277777,0.0,0.0,0.0,0.0,0
944,141.0,555.6138297872341,278.53544410171975,37.08,989.3,78341.55,1.0,31.0,2.0,0.5013112150274743,31.0,4.548387095306972,0.014184397162114582,4.0,2605.01,651.2525,1.0,0
945,181.0,455.33740331491714,284.35757284798586,0.55,984.71,82416.07,1.0,31.0,2.0,0.6244986042692292,31.0,5.8387096755359,0.011049723756295595,35.0,16750.59,478.58828571428575,2.0,1
946,140.0,546.472,275.4542435966374,41.98,992.84,76506.08,1.0,31.0,2.0,0.5040592081416739,31.0,4.516129030801249,0.014285714284693878,6.0,2933.31,488.885,1.0,0
947,116.0,541.7599137931035,261.5884998918047,91.61,988.67,62844.15,1.0,31.0,2.0,0.4828494933400999,31.0,3.7419354826638918,0.017241379308858502,2.0,1171.16,585.58,1.0,0
948,155.0,528.9639999999999,272.64836793650824,68.09,999.44,81989.42,1.0,31.0,2.0,0.5154384191199285,31.0,4.999999998387096,0.012903225805619147,8.0,3493.58,436.6975,1.0,0
949,164.0,508.4711585365854,249.299841033123,19.99,997.47,83389.27,1.0,31.0,2.0,0.49029298288170753,31.0,5.290322578938605,0.012195121950475906,4.0,1998.0,499.5,1.0,0
950,161.0,537.642546583851,259.193889425174,90.84,993.97,86560.45,1.0,31.0,2.0,0.48209333704569285,31.0,5.193548385421436,0.012422360247675629,0.0,0.0,0.0,0.0,0
951,207.0,545.3288405797101,263.0537531719943,100.49,996.78,112883.06999999999,1.0,31.0,2.0,0.48237638208815814,31.0,6.677419352684703,0.009661835748325515,114.0,63093.1,553.448245614035,4.0,0
952,207.0,557.3763768115942,274.2066911913171,101.81,999.04,115376.91,1.0,31.0,2.0,0.4919596570542951,31.0,6.677419352684703,0.009661835748325515,44.0,22300.12,506.8209090909091,3.0,0
953,207.0,518.9410144927535,268.7024419341831,104.68,995.96,107420.79,1.0,31.0,2.0,0.5177899499650309,31.0,6.677419352684703,0.009661835748325515,107.0,59870.71,559.5393457943925,3.0,0
954,207.0,581.7414492753622,266.8189022627248,100.11,991.62,120420.48,1.0,31.0,2.0,0.45865547760177194,31.0,6.677419352684703,0.009661835748325515,72.0,37697.18,523.5719444444444,3.0,0
955,185.0,566.0314054054054,266.44001549858024,100.26,996.01,104715.81,1.0,31.0,2.0,0.4707159584246784,31.0,5.967741933558793,0.010810810810226442,20.0,10109.1,505.45500000000004,4.0,0
956,207.0,534.1232850241546,258.4266260663364,102.52,997.37,110563.52,1.0,31.0,2.0,0.48383328963052274,31.0,6.677419352684703,0.009661835748325515,89.0,46762.48,525.4211235955056,4.0,1
957,156.0,507.96519230769235,249.86902564878355,114.0,998.62,79242.57,1.0,31.0,3.0,0.491901865379213,31.0,5.0322580628928195,0.01923076922953649,4.0,1947.72,486.93,2.0,0
958,135.0,548.5083703703704,291.72941621029435,4.2,997.94,74048.63,1.0,31.0,3.0,0.5318595521304273,31.0,4.3548387082726325,0.02222222222057613,14.0,7741.3099999999995,552.9507142857143,3.0,0
959,147.0,547.4554421768707,271.40306672243815,47.35,996.68,80475.95,1.0,31.0,2.0,0.49575371036278104,31.0,4.741935482341311,0.013605442175945207,6.0,3277.82,546.3033333333334,2.0,0
960,161.0,545.7088198757764,260.3068744755383,81.9,996.95,87859.12,1.0,31.0,2.0,0.4770069036634294,31.0,5.193548385421436,0.012422360247675629,4.0,2749.15,687.2875,1.0,0
961,174.0,485.262816091954,265.5421031214712,13.74,995.34,84435.73,1.0,31.0,2.0,0.5472129623582793,31.0,5.612903223995837,0.011494252872902629,62.0,34866.94,562.37,4.0,0
962,181.0,501.9170165745856,279.5554906095365,5.94,996.41,90846.98,1.0,31.0,2.0,0.55697551860632,31.0,5.8387096755359,0.011049723756295595,58.0,31750.5,547.4224137931035,3.0,0
963,189.0,529.9204761904762,260.22730222986957,8.62,999.88,100154.97,1.0,31.0,3.0,0.49106859220782784,31.0,6.0967741915816855,0.01587301587217603,39.0,22747.41,583.266923076923,2.0,0
964,184.0,522.0763043478261,271.0556549276085,73.59,997.37,96062.04,1.0,31.0,2.0,0.5191878134768391,31.0,5.935483869053069,0.010869565216800567,14.0,7967.18,569.0842857142858,3.0,0
965,141.0,576.6887943262411,259.5623084828853,67.85,999.08,81313.12,1.0,31.0,2.0,0.4500907786523528,31.0,4.548387095306972,0.014184397162114582,6.0,3402.12,567.02,3.0,0
966,153.0,560.0290196078431,268.39130977765296,103.99,995.97,85684.44,1.0,31.0,2.0,0.47924536117931865,31.0,4.93548386937565,0.013071895423982228,6.0,2378.49,396.41499999999996,3.0,0
967,190.0,512.2310526315789,253.2826200512979,100.05,999.63,97323.9,1.0,31.0,2.0,0.4944694757280289,31.0,6.129032256087409,0.010526315788919667,60.0,33281.69,554.6948333333333,3.0,0
968,172.0,558.5986627906976,256.3831824044605,103.65,982.59,96078.97,1.0,31.0,2.0,0.4589756465205421,31.0,5.548387094984391,0.011627906976068145,10.0,6964.7,696.47,3.0,0
969,157.0,581.6239490445861,260.2526597779253,20.28,999.41,91314.96,1.0,31.0,3.0,0.4474586374941385,31.0,5.064516127398543,0.01910828025355998,12.0,5865.84,488.82,4.0,0
970,191.0,513.7338743455497,266.12687834874407,85.98,996.69,98123.17,1.0,31.0,2.0,0.518024782155129,31.0,6.161290320593132,0.010471204187933444,10.0,4336.46,433.646,2.0,0
971,180.0,573.4933333333333,268.9690495475737,59.8,996.42,103228.8,1.0,31.0,3.0,0.46900117910620936,31.0,5.806451611030177,0.01666666666574074,8.0,4939.69,617.46125,2.0,0
972,208.0,540.1854807692308,261.7692072024157,102.31,999.66,112358.58,1.0,31.0,3.0,0.4845913422641556,31.0,6.709677417190426,0.014423076922383505,84.0,47243.33,562.4205952380953,3.0,1
973,184.0,536.5078260869566,247.90209416506173,49.34,998.81,98717.44,1.0,31.0,2.0,0.4620661285941081,31.0,5.935483869053069,0.010869565216800567,8.0,5691.03,711.37875,4.0,0
974,112.0,524.7316964285714,252.12624349213743,27.9,991.68,58769.95,1.0,31.0,2.0,0.4804860182896404,31.0,3.612903224640999,0.017857142855548472,10.0,5423.61,542.361,3.0,0
975,207.0,522.913768115942,266.44301347823597,100.86,988.56,108243.15,1.0,31.0,2.0,0.5095352804213487,31.0,6.677419352684703,0.009661835748325515,80.0,43042.94,538.03675,3.0,0
976,192.0,518.15859375,265.67841854432044,0.26,999.05,99486.45,1.0,31.0,2.0,0.5127357178743946,31.0,6.193548385098855,0.010416666666124131,33.0,18641.41,564.8912121212121,4.0,0
977,207.0,566.642850241546,255.76261051788634,110.3,993.17,117295.07,1.0,31.0,3.0,0.4513647536615831,31.0,6.677419352684703,0.014492753622488272,89.0,49132.14,552.0465168539325,3.0,0
978,153.0,548.1285620915032,274.10735237892106,81.18,999.28,83863.67,1.0,31.0,3.0,0.5000785788793861,31.0,4.93548386937565,0.019607843135973343,9.0,4653.43,517.0477777777778,4.0,1
979,207.0,506.12816425120775,264.1761282357347,101.28,992.36,104768.53,1.0,31.0,2.0,0.5219550044628538,31.0,6.677419352684703,0.009661835748325515,34.0,15189.25,446.74264705882354,3.0,0
980,152.0,488.19000000000005,262.7940441078204,58.56,982.24,74204.88,1.0,31.0,2.0,0.5383028003491209,31.0,4.903225804869927,0.013157894735976453,16.0,7525.21,470.325625,2.0,0
981,207.0,536.7268115942029,269.8272252532035,104.02,996.79,111102.45,1.0,31.0,3.0,0.5027273082310288,31.0,6.677419352684703,0.014492753622488272,84.0,45952.63,547.055119047619,4.0,0
982,147.0,560.9681632653062,273.81409199058896,100.57,983.75,82462.32,1.0,31.0,2.0,0.48810986062360423,31.0,4.741935482341311,0.013605442175945207,6.0,3233.87,538.9783333333334,3.0,0
983,0.0,0.0,0.0,0.0,0.0,0.0,0.0,0.0,0.0,0.0,0.0,0.0,0.0,16.0,8707.119999999999,544.1949999999999,4.0,0
984,0.0,0.0,0.0,0.0,0.0,0.0,0.0,0.0,0.0,0.0,0.0,0.0,0.0,8.0,3983.08,497.885,2.0,0
985,0.0,0.0,0.0,0.0,0.0,0.0,0.0,0.0,0.0,0.0,0.0,0.0,0.0,87.0,44356.58,509.8457471264368,4.0,0
986,0.0,0.0,0.0,0.0,0.0,0.0,0.0,0.0,0.0,0.0,0.0,0.0,0.0,18.0,10186.31,565.906111111111,4.0,0
987,0.0,0.0,0.0,0.0,0.0,0.0,0.0,0.0,0.0,0.0,0.0,0.0,0.0,20.0,9725.32,486.26599999999996,4.0,0
988,0.0,0.0,0.0,0.0,0.0,0.0,0.0,0.0,0.0,0.0,0.0,0.0,0.0,10.0,7129.889999999999,712.9889999999999,3.0,0
989,0.0,0.0,0.0,0.0,0.0,0.0,0.0,0.0,0.0,0.0,0.0,0.0,0.0,22.0,12392.42,563.2918181818181,4.0,0
990,0.0,0.0,0.0,0.0,0.0,0.0,0.0,0.0,0.0,0.0,0.0,0.0,0.0,30.0,18069.54,602.318,4.0,0
991,0.0,0.0,0.0,0.0,0.0,0.0,0.0,0.0,0.0,0.0,0.0,0.0,0.0,116.0,68824.2,593.3120689655173,3.0,0
992,0.0,0.0,0.0,0.0,0.0,0.0,0.0,0.0,0.0,0.0,0.0,0.0,0.0,4.0,1473.69,368.4225,2.0,0
993,0.0,0.0,0.0,0.0,0.0,0.0,0.0,0.0,0.0,0.0,0.0,0.0,0.0,12.0,5584.71,465.3925,4.0,0
994,0.0,0.0,0.0,0.0,0.0,0.0,0.0,0.0,0.0,0.0,0.0,0.0,0.0,10.0,7176.4400000000005,717.644,3.0,0
995,0.0,0.0,0.0,0.0,0.0,0.0,0.0,0.0,0.0,0.0,0.0,0.0,0.0,18.0,10210.64,567.2577777777777,4.0,0
996,0.0,0.0,0.0,0.0,0.0,0.0,0.0,0.0,0.0,0.0,0.0,0.0,0.0,14.0,9035.79,645.4135714285715,4.0,0
997,103.0,579.2932038834952,251.27317434520705,110.18,998.36,59667.2,1.0,31.0,2.0,0.4337581947386429,31.0,3.32258064408949,0.019417475726270148,53.0,29209.350000000002,551.1198113207547,2.0,0
998,100.0,544.1516,277.7517686083941,13.36,995.99,54415.16,1.0,31.0,2.0,0.5104308589799053,31.0,3.2258064505723203,0.019999999998,2.0,460.99,230.495,1.0,0
999,103.0,579.7045631067961,278.0108179295127,116.73,996.21,59709.57,1.0,31.0,2.0,0.4795732785589622,31.0,3.32258064408949,0.019417475726270148,8.0,4059.46,507.4325,2.0,0
1000,102.0,512.3774509803922,241.52461646340439,95.35,997.47,52262.5,1.0,31.0,2.0,0.47138026077563144,31.0,3.290322579583767,0.019607843135332564,2.0,1806.4,903.2,1.0,0
1001,103.0,584.4348543689321,247.4281020024157,100.73,991.16,60196.79,1.0,31.0,2.0,0.4233630149682857,31.0,3.32258064408949,0.019417475726270148,0.0,0.0,0.0,0.0,0
1002,103.0,573.4834951456311,272.09828218505226,109.77,997.59,59068.8,1.0,31.0,2.0,0.47446575966621435,31.0,3.32258064408949,0.019417475726270148,8.0,5222.01,652.75125,2.0,0
1003,103.0,561.1811650485437,271.34514954386464,110.2,994.63,57801.66,1.0,31.0,1.0,0.4835250475941353,31.0,3.32258064408949,0.009708737863135074,4.0,2427.15,606.7875,2.0,0
1004,103.0,560.1388349514564,242.62085029656737,109.28,993.14,57694.3,1.0,31.0,1.0,0.4331441334776624,31.0,3.32258064408949,0.009708737863135074,6.0,3618.71,603.1183333333333,2.0,0
1005,103.0,550.7456310679612,268.25295003648023,118.88,997.2,56726.8,1.0,31.0,2.0,0.4870723159645137,31.0,3.32258064408949,0.019417475726270148,2.0,1016.8000000000001,508.40000000000003,1.0,0
1006,103.0,542.093786407767,267.2245333016181,100.71,998.87,55835.66,1.0,31.0,2.0,0.4929488955545422,31.0,3.32258064408949,0.019417475726270148,0.0,0.0,0.0,0.0,0
1007,102.0,589.4851960784314,267.72045385316994,100.3,995.14,60127.49,1.0,31.0,2.0,0.4541597577507408,31.0,3.290322579583767,0.019607843135332564,19.0,8636.76,454.5663157894737,3.0,1
1008,103.0,551.2590291262136,254.69735388016497,105.75,996.25,56779.68,1.0,31.0,1.0,0.4620284483671113,31.0,3.32258064408949,0.009708737863135074,2.0,1178.16,589.08,1.0,0
1009,103.0,543.6987378640777,276.7598741837323,100.43,992.65,56000.97,1.0,31.0,1.0,0.5090316657086498,31.0,3.32258064408949,0.009708737863135074,8.0,4980.22,622.5275,2.0,0
1010,103.0,589.7955339805825,264.2833621907356,111.12,993.87,60748.94,1.0,31.0,1.0,0.44809318985951413,31.0,3.32258064408949,0.009708737863135074,0.0,0.0,0.0,0.0,0
1011,103.0,527.2254368932039,238.32977797201423,107.83,988.86,54304.22,1.0,31.0,2.0,0.4520452946502474,31.0,3.32258064408949,0.019417475726270148,4.0,2041.1100000000001,510.27750000000003,2.0,0
1012,103.0,534.0333009708738,253.51465074416893,101.43,985.51,55005.43,1.0,31.0,1.0,0.47471693296753503,31.0,3.32258064408949,0.009708737863135074,14.0,9113.619999999999,650.972857142857,2.0,0
1013,103.0,533.854077669903,279.0577860441042,100.95,978.16,54986.97,1.0,31.0,2.0,0.5227229644041912,31.0,3.32258064408949,0.019417475726270148,8.0,3253.23,406.65375,2.0,0
1014,103.0,574.1145631067961,254.86938345570576,115.39,991.42,59133.8,1.0,31.0,2.0,0.4439347123891994,31.0,3.32258064408949,0.019417475726270148,8.0,4591.71,573.96375,2.0,0
1015,103.0,552.6318446601942,250.18119284711833,105.17,995.42,56921.08,1.0,31.0,1.0,0.45270860747524283,31.0,3.32258064408949,0.009708737863135074,10.0,4812.07,481.207,2.0,0
1016,103.0,554.2396116504855,259.7063859284261,110.89,998.65,57086.68,1.0,31.0,2.0,0.46858142302451716,31.0,3.32258064408949,0.019417475726270148,105.0,62016.71,590.6353333333333,2.0,0
1017,103.0,593.3127184466019,278.1201556218568,101.99,999.35,61111.21,1.0,31.0,1.0,0.4687581219316133,31.0,3.32258064408949,0.009708737863135074,6.0,2790.32,465.05333333333334,2.0,0
1018,103.0,574.0146601941748,253.92879492447318,116.49,998.43,59123.51,1.0,31.0,1.0,0.442373361743325,31.0,3.32258064408949,0.009708737863135074,2.0,1523.77,761.885,1.0,0
1019,103.0,571.058640776699,255.32751888524507,115.35,988.38,58819.04,1.0,31.0,2.0,0.4471126091945689,31.0,3.32258064408949,0.019417475726270148,86.0,49886.73,580.0782558139535,2.0,0
1020,103.0,569.0688349514563,273.6923277679181,50.33,996.88,58614.090000000004,1.0,31.0,2.0,0.480947665648314,31.0,3.32258064408949,0.019417475726270148,6.0,2450.75,408.4583333333333,2.0,0
1021,103.0,526.9494174757282,262.93614458097676,124.5,979.28,54275.79,1.0,31.0,1.0,0.49897795852122384,31.0,3.32258064408949,0.009708737863135074,2.0,1198.27,599.135,1.0,0
1022,103.0,499.6707766990291,244.74657391777492,103.29,990.76,51466.09,1.0,31.0,1.0,0.48981566528613907,31.0,3.32258064408949,0.009708737863135074,4.0,2096.27,524.0675,2.0,0
1023,103.0,584.9849514563107,259.32411444199533,111.26,995.01,60253.45,1.0,31.0,1.0,0.4433004879732019,31.0,3.32258064408949,0.009708737863135074,8.0,4421.4,552.675,1.0,0
1024,103.0,566.4170873786408,274.3459384721038,112.18,999.96,58340.96,1.0,31.0,2.0,0.48435321705586964,31.0,3.32258064408949,0.019417475726270148,6.0,2333.53,388.9216666666667,2.0,0
1025,103.0,565.3676699029127,273.29394136832786,106.22,994.16,58232.87,1.0,31.0,1.0,0.4833915271639518,31.0,3.32258064408949,0.009708737863135074,12.0,4876.63,406.3858333333333,2.0,0
1026,103.0,493.0821359223301,275.80897260941975,101.84,997.91,50787.46,1.0,31.0,2.0,0.559357057395548,31.0,3.32258064408949,0.019417475726270148,6.0,4229.9,704.9833333333332,2.0,0
1027,103.0,557.712427184466,238.37114986337647,114.05,989.27,57444.38,1.0,31.0,2.0,0.42740871144379217,31.0,3.32258064408949,0.019417475726270148,12.0,6297.2699999999995,524.7724999999999,1.0,0
1028,103.0,597.5861165048544,286.6070976579398,111.17,991.64,61551.37,1.0,31.0,2.0,0.4796080259184125,31.0,3.32258064408949,0.019417475726270148,114.0,63437.84,556.4722807017544,2.0,0
1029,103.0,527.4528155339806,269.269323101544,102.07,998.61,54327.64,1.0,31.0,2.0,0.5105088363664095,31.0,3.32258064408949,0.019417475726270148,2.0,1379.49,689.745,1.0,0
1030,103.0,549.4582524271844,271.2596275202159,101.76,996.66,56594.2,1.0,31.0,2.0,0.49368560089326713,31.0,3.32258064408949,0.019417475726270148,108.0,47364.13,438.55675925925925,3.0,0
1031,104.0,544.0669230769231,246.09983021765592,104.57,978.71,56582.96,1.0,31.0,3.0,0.452333747512781,31.0,3.354838708595213,0.028846153843380178,4.0,2894.7599999999998,723.6899999999999,2.0,1
1032,103.0,523.7997087378641,265.52754630725906,101.91,999.66,53951.37,1.0,31.0,2.0,0.5069257234640298,31.0,3.32258064408949,0.019417475726270148,6.0,3009.91,501.65166666666664,2.0,0
1033,103.0,569.5212621359224,255.45381972312816,114.58,998.55,58660.69,1.0,31.0,1.0,0.4485413218122767,31.0,3.32258064408949,0.009708737863135074,78.0,45199.91,579.4860256410257,2.0,0
1034,103.0,530.0054368932039,264.26346568831906,100.68,999.66,54590.56,1.0,31.0,2.0,0.49860519777381473,31.0,3.32258064408949,0.019417475726270148,4.0,2824.15,706.0375,1.0,0
1035,103.0,534.508640776699,263.313819108357,100.95,995.83,55054.39,1.0,31.0,2.0,0.49262780620497953,31.0,3.32258064408949,0.019417475726270148,6.0,4124.15,687.3583333333332,2.0,0
1036,103.0,570.5105825242719,266.46435607135163,100.09,994.0,58762.59,1.0,31.0,2.0,0.4670629506777721,31.0,3.32258064408949,0.019417475726270148,70.0,37804.21,540.0601428571429,2.0,0
1037,103.0,543.4964077669903,238.20743931870234,143.82,991.93,55980.13,1.0,31.0,2.0,0.43828705380596483,31.0,3.32258064408949,0.019417475726270148,168.0,80314.15,478.06041666666664,3.0,0
1038,103.0,571.1671844660194,242.14746078281243,111.37,994.36,58830.22,1.0,31.0,2.0,0.42395198352467506,31.0,3.32258064408949,0.019417475726270148,4.0,2101.48,525.37,1.0,0
1039,103.0,554.3456310679611,284.3897485386254,103.87,988.48,57097.6,1.0,31.0,2.0,0.5130188326470816,31.0,3.32258064408949,0.019417475726270148,6.0,3458.6800000000003,576.4466666666667,2.0,0
1040,103.0,503.7641747572815,253.61573970966185,102.13,999.85,51887.71,1.0,31.0,2.0,0.5034413966154341,31.0,3.32258064408949,0.019417475726270148,4.0,2632.3,658.075,1.0,0
1041,103.0,574.7036893203884,257.5130771893154,102.68,990.77,59194.48,1.0,31.0,2.0,0.4480797356449108,31.0,3.32258064408949,0.019417475726270148,14.0,7364.75,526.0535714285714,2.0,0
1042,103.0,538.018640776699,268.01887171647746,101.82,993.16,55415.92,1.0,31.0,2.0,0.49815908111394835,31.0,3.32258064408949,0.019417475726270148,0.0,0.0,0.0,0.0,0
1043,103.0,561.5495145631068,243.76247030696547,105.36,994.97,57839.6,1.0,31.0,2.0,0.43408900547670337,31.0,3.32258064408949,0.019417475726270148,8.0,5905.08,738.135,1.0,0
1044,102.0,538.7411764705882,269.1143863438298,100.39,999.39,54951.6,1.0,31.0,2.0,0.4995244434477089,31.0,3.290322579583767,0.019607843135332564,6.0,2472.73,412.12166666666667,2.0,0
1045,103.0,554.1417475728156,272.4941679333713,101.9,999.53,57076.6,1.0,31.0,1.0,0.4917409112776645,31.0,3.32258064408949,0.009708737863135074,16.0,9389.59,586.849375,2.0,0
1046,103.0,548.224563106796,246.79802682091977,102.81,989.2,56467.13,1.0,31.0,2.0,0.4501768863069729,31.0,3.32258064408949,0.019417475726270148,6.0,3948.02,658.0033333333333,2.0,0
1047,0.0,0.0,0.0,0.0,0.0,0.0,0.0,0.0,0.0,0.0,0.0,0.0,0.0,6.0,3497.17,582.8616666666667,1.0,0
1048,0.0,0.0,0.0,0.0,0.0,0.0,0.0,0.0,0.0,0.0,0.0,0.0,0.0,2.0,1539.28,769.64,1.0,0
1049,0.0,0.0,0.0,0.0,0.0,0.0,0.0,0.0,0.0,0.0,0.0,0.0,0.0,2.0,921.0,460.5,1.0,0
1050,0.0,0.0,0.0,0.0,0.0,0.0,0.0,0.0,0.0,0.0,0.0,0.0,0.0,2.0,1822.33,911.165,1.0,0
1051,0.0,0.0,0.0,0.0,0.0,0.0,0.0,0.0,0.0,0.0,0.0,0.0,0.0,4.0,1780.96,445.24,1.0,0
1052,0.0,0.0,0.0,0.0,0.0,0.0,0.0,0.0,0.0,0.0,0.0,0.0,0.0,2.0,942.6700000000001,471.33500000000004,1.0,0
1053,0.0,0.0,0.0,0.0,0.0,0.0,0.0,0.0,0.0,0.0,0.0,0.0,0.0,2.0,1018.57,509.285,1.0,0
1054,0.0,0.0,0.0,0.0,0.0,0.0,0.0,0.0,0.0,0.0,0.0,0.0,0.0,104.0,51911.31,499.14721153846153,1.0,0
1055,0.0,0.0,0.0,0.0,0.0,0.0,0.0,0.0,0.0,0.0,0.0,0.0,0.0,5.0,3190.98,638.196,2.0,1
1056,0.0,0.0,0.0,0.0,0.0,0.0,0.0,0.0,0.0,0.0,0.0,0.0,0.0,4.0,2901.76,725.44,1.0,0
1057,0.0,0.0,0.0,0.0,0.0,0.0,0.0,0.0,0.0,0.0,0.0,0.0,0.0,2.0,1353.74,676.87,1.0,0
1058,0.0,0.0,0.0,0.0,0.0,0.0,0.0,0.0,0.0,0.0,0.0,0.0,0.0,2.0,1545.87,772.935,1.0,0
1059,0.0,0.0,0.0,0.0,0.0,0.0,0.0,0.0,0.0,0.0,0.0,0.0,0.0,1.0,724.45,724.45,1.0,1
1060,0.0,0.0,0.0,0.0,0.0,0.0,0.0,0.0,0.0,0.0,0.0,0.0,0.0,2.0,836.6,418.3,1.0,0
1061,0.0,0.0,0.0,0.0,0.0,0.0,0.0,0.0,0.0,0.0,0.0,0.0,0.0,0.0,0.0,0.0,0.0,0
1062,0.0,0.0,0.0,0.0,0.0,0.0,0.0,0.0,0.0,0.0,0.0,0.0,0.0,0.0,0.0,0.0,0.0,0
1063,0.0,0.0,0.0,0.0,0.0,0.0,0.0,0.0,0.0,0.0,0.0,0.0,0.0,0.0,0.0,0.0,0.0,0
1064,0.0,0.0,0.0,0.0,0.0,0.0,0.0,0.0,0.0,0.0,0.0,0.0,0.0,2.0,1251.17,625.585,1.0,0
1065,0.0,0.0,0.0,0.0,0.0,0.0,0.0,0.0,0.0,0.0,0.0,0.0,0.0,2.0,827.16,413.58,1.0,0
1066,0.0,0.0,0.0,0.0,0.0,0.0,0.0,0.0,0.0,0.0,0.0,0.0,0.0,4.0,1518.52,379.63,1.0,0
1067,0.0,0.0,0.0,0.0,0.0,0.0,0.0,0.0,0.0,0.0,0.0,0.0,0.0,2.0,1280.63,640.315,1.0,0
1068,0.0,0.0,0.0,0.0,0.0,0.0,0.0,0.0,0.0,0.0,0.0,0.0,0.0,0.0,0.0,0.0,0.0,0
1069,0.0,0.0,0.0,0.0,0.0,0.0,0.0,0.0,0.0,0.0,0.0,0.0,0.0,4.0,2007.51,501.8775,1.0,0
1070,0.0,0.0,0.0,0.0,0.0,0.0,0.0,0.0,0.0,0.0,0.0,0.0,0.0,60.0,30825.63,513.7605,1.0,0
1071,0.0,0.0,0.0,0.0,0.0,0.0,0.0,0.0,0.0,0.0,0.0,0.0,0.0,2.0,1037.04,518.52,1.0,0
1072,0.0,0.0,0.0,0.0,0.0,0.0,0.0,0.0,0.0,0.0,0.0,0.0,0.0,0.0,0.0,0.0,0.0,0
1073,0.0,0.0,0.0,0.0,0.0,0.0,0.0,0.0,0.0,0.0,0.0,0.0,0.0,4.0,1829.43,457.3575,1.0,0
1074,0.0,0.0,0.0,0.0,0.0,0.0,0.0,0.0,0.0,0.0,0.0,0.0,0.0,4.0,2696.5499999999997,674.1374999999999,1.0,0
1075,0.0,0.0,0.0,0.0,0.0,0.0,0.0,0.0,0.0,0.0,0.0,0.0,0.0,0.0,0.0,0.0,0.0,0
1076,0.0,0.0,0.0,0.0,0.0,0.0,0.0,0.0,0.0,0.0,0.0,0.0,0.0,4.0,1377.02,344.255,1.0,0
1077,0.0,0.0,0.0,0.0,0.0,0.0,0.0,0.0,0.0,0.0,0.0,0.0,0.0,4.0,2610.67,652.6675,1.0,0
1078,0.0,0.0,0.0,0.0,0.0,0.0,0.0,0.0,0.0,0.0,0.0,0.0,0.0,4.0,2064.67,516.1675,1.0,0
1079,0.0,0.0,0.0,0.0,0.0,0.0,0.0,0.0,0.0,0.0,0.0,0.0,0.0,2.0,1108.9099999999999,554.4549999999999,1.0,0
1080,0.0,0.0,0.0,0.0,0.0,0.0,0.0,0.0,0.0,0.0,0.0,0.0,0.0,4.0,2966.8199999999997,741.7049999999999,1.0,0
1081,0.0,0.0,0.0,0.0,0.0,0.0,0.0,0.0,0.0,0.0,0.0,0.0,0.0,0.0,0.0,0.0,0.0,0
1082,0.0,0.0,0.0,0.0,0.0,0.0,0.0,0.0,0.0,0.0,0.0,0.0,0.0,0.0,0.0,0.0,0.0,0
1083,0.0,0.0,0.0,0.0,0.0,0.0,0.0,0.0,0.0,0.0,0.0,0.0,0.0,20.0,12269.79,613.4895,1.0,0
1084,0.0,0.0,0.0,0.0,0.0,0.0,0.0,0.0,0.0,0.0,0.0,0.0,0.0,4.0,2034.83,508.7075,1.0,0
1085,0.0,0.0,0.0,0.0,0.0,0.0,0.0,0.0,0.0,0.0,0.0,0.0,0.0,2.0,1394.37,697.185,1.0,0
1086,0.0,0.0,0.0,0.0,0.0,0.0,0.0,0.0,0.0,0.0,0.0,0.0,0.0,81.0,41147.94,507.9992592592593,1.0,0
1087,0.0,0.0,0.0,0.0,0.0,0.0,0.0,0.0,0.0,0.0,0.0,0.0,0.0,4.0,2497.02,624.255,1.0,0
1088,0.0,0.0,0.0,0.0,0.0,0.0,0.0,0.0,0.0,0.0,0.0,0.0,0.0,8.0,4870.31,608.78875,1.0,0
1089,0.0,0.0,0.0,0.0,0.0,0.0,0.0,0.0,0.0,0.0,0.0,0.0,0.0,0.0,0.0,0.0,0.0,0
1090,0.0,0.0,0.0,0.0,0.0,0.0,0.0,0.0,0.0,0.0,0.0,0.0,0.0,2.0,825.57,412.785,1.0,0
1091,0.0,0.0,0.0,0.0,0.0,0.0,0.0,0.0,0.0,0.0,0.0,0.0,0.0,4.0,2995.0,748.75,1.0,0
1092,0.0,0.0,0.0,0.0,0.0,0.0,0.0,0.0,0.0,0.0,0.0,0.0,0.0,4.0,2738.91,684.7275,1.0,0
1093,0.0,0.0,0.0,0.0,0.0,0.0,0.0,0.0,0.0,0.0,0.0,0.0,0.0,4.0,1775.67,443.9175,1.0,0
1094,0.0,0.0,0.0,0.0,0.0,0.0,0.0,0.0,0.0,0.0,0.0,0.0,0.0,4.0,2112.95,528.2375,1.0,0
1095,0.0,0.0,0.0,0.0,0.0,0.0,0.0,0.0,0.0,0.0,0.0,0.0,0.0,4.0,1782.53,445.6325,1.0,0
1096,0.0,0.0,0.0,0.0,0.0,0.0,0.0,0.0,0.0,0.0,0.0,0.0,0.0,0.0,0.0,0.0,0.0,0
1097,0.0,0.0,0.0,0.0,0.0,0.0,0.0,0.0,0.0,0.0,0.0,0.0,0.0,0.0,0.0,0.0,0.0,0
1098,0.0,0.0,0.0,0.0,0.0,0.0,0.0,0.0,0.0,0.0,0.0,0.0,0.0,14.0,7697.2,549.8,1.0,0
1099,104.0,585.6972115384616,238.79337766450058,118.18,988.89,60912.51,1.0,31.0,1.0,0.4077078957456201,31.0,3.354838708595213,0.00961538461446006,0.0,0.0,0.0,0.0,0
1100,206.0,542.6943689320389,255.7664359038646,103.51,999.18,111795.04,1.0,31.0,1.0,0.47129001246589514,31.0,6.64516128817898,0.004854368931803185,154.0,87229.17,566.4231818181818,1.0,0
1101,104.0,575.5709615384615,242.6481388560988,137.36,973.86,59859.38,1.0,31.0,1.0,0.4215781459914192,31.0,3.354838708595213,0.00961538461446006,0.0,0.0,0.0,0.0,0
1102,104.0,525.2543269230769,257.7783667807,101.74,984.36,54626.45,1.0,31.0,1.0,0.49076866874348246,31.0,3.354838708595213,0.00961538461446006,0.0,0.0,0.0,0.0,0
1103,104.0,558.1058653846154,247.39619925348305,114.86,993.38,58043.01,1.0,31.0,1.0,0.4432782642027218,31.0,3.354838708595213,0.00961538461446006,0.0,0.0,0.0,0.0,0
1104,104.0,555.0675961538461,248.87666881914618,119.69,991.18,57727.03,1.0,31.0,1.0,0.4483718209082452,31.0,3.354838708595213,0.00961538461446006,0.0,0.0,0.0,0.0,0
1105,104.0,565.18625,241.69833243391432,122.68,988.69,58779.37,1.0,31.0,1.0,0.4276436881287149,31.0,3.354838708595213,0.00961538461446006,0.0,0.0,0.0,0.0,0
1106,104.0,569.9550961538462,263.1172226191696,109.53,998.53,59275.33,1.0,31.0,1.0,0.4616455303060063,31.0,3.354838708595213,0.00961538461446006,0.0,0.0,0.0,0.0,0
1107,94.0,584.0139361702128,262.4258908278928,112.82,996.86,54897.31,1.0,31.0,1.0,0.4493486791502085,31.0,3.032258063537981,0.010638297871208692,0.0,0.0,0.0,0.0,0
1108,92.0,543.5678260869565,274.3166203849085,27.05,997.42,50008.24,1.0,31.0,1.0,0.50465941362758,31.0,2.9677419345265346,0.01086956521620983,0.0,0.0,0.0,0.0,0
1109,103.0,572.8185436893203,242.05066678081025,145.74,997.55,59000.31,1.0,31.0,1.0,0.42256080820572334,31.0,3.32258064408949,0.009708737863135074,0.0,0.0,0.0,0.0,0
1110,104.0,609.494326923077,271.27818448987955,128.69,998.13,63387.41,1.0,31.0,1.0,0.4450873002459728,31.0,3.354838708595213,0.00961538461446006,0.0,0.0,0.0,0.0,0
1111,104.0,544.8193269230769,260.35826505985835,106.99,997.04,56661.21,1.0,31.0,1.0,0.4778800093702248,31.0,3.354838708595213,0.00961538461446006,0.0,0.0,0.0,0.0,0
1112,104.0,531.8448076923077,255.68211421239067,110.08,996.21,55311.86,1.0,31.0,1.0,0.4807457185057356,31.0,3.354838708595213,0.00961538461446006,0.0,0.0,0.0,0.0,0
1113,104.0,554.4881730769231,265.14893606543086,100.68,999.92,57666.77,1.0,31.0,1.0,0.47818681972837207,31.0,3.354838708595213,0.00961538461446006,0.0,0.0,0.0,0.0,0
1114,104.0,546.4766346153846,278.8519096296423,113.58,998.14,56833.57,1.0,31.0,1.0,0.5102723372991019,31.0,3.354838708595213,0.00961538461446006,0.0,0.0,0.0,0.0,0
1115,104.0,533.6841346153847,262.2408601630372,114.11,976.34,55503.15,1.0,31.0,1.0,0.49137840746777134,31.0,3.354838708595213,0.00961538461446006,0.0,0.0,0.0,0.0,0
1116,92.0,605.6404347826086,274.5190111710196,103.54,998.17,55718.92,1.0,31.0,1.0,0.45327061305776917,31.0,2.9677419345265346,0.01086956521620983,0.0,0.0,0.0,0.0,0
1117,104.0,532.4538461538461,231.58069425591972,111.85,986.97,55375.2,1.0,31.0,1.0,0.4349310197012981,31.0,3.354838708595213,0.00961538461446006,0.0,0.0,0.0,0.0,0
1118,104.0,564.6888461538462,262.94633226767894,103.67,990.21,58727.64,1.0,31.0,1.0,0.46564817784869844,31.0,3.354838708595213,0.00961538461446006,0.0,0.0,0.0,0.0,0
1119,104.0,541.3689423076924,264.19951840617523,123.15,998.52,56302.37,1.0,31.0,1.0,0.48802119544407596,31.0,3.354838708595213,0.00961538461446006,0.0,0.0,0.0,0.0,0
1120,104.0,536.0218269230769,264.4893661296406,141.42,992.69,55746.27,1.0,31.0,1.0,0.493430216532325,31.0,3.354838708595213,0.00961538461446006,0.0,0.0,0.0,0.0,0
1121,96.0,529.7820833333334,251.0421639356799,23.18,987.95,50859.08,1.0,31.0,1.0,0.4738592939032787,31.0,3.0967741925494274,0.010416666665581598,0.0,0.0,0.0,0.0,0
1122,104.0,530.1018269230769,259.12496017549205,102.57,989.29,55130.59,1.0,31.0,1.0,0.48882110381446664,31.0,3.354838708595213,0.00961538461446006,0.0,0.0,0.0,0.0,0
1123,104.0,512.5536538461539,276.10816645408426,111.41,979.22,53305.58,1.0,31.0,1.0,0.5386912460321137,31.0,3.354838708595213,0.00961538461446006,0.0,0.0,0.0,0.0,0
1124,104.0,559.1,259.2858166475041,101.96,996.55,58146.4,1.0,31.0,1.0,0.46375570853669557,31.0,3.354838708595213,0.00961538461446006,0.0,0.0,0.0,0.0,0
1125,104.0,524.9328846153846,267.12890072994804,103.77,998.38,54593.02,1.0,31.0,1.0,0.5088820086411295,31.0,3.354838708595213,0.00961538461446006,0.0,0.0,0.0,0.0,0
1126,103.0,568.5290291262136,264.1601378008607,106.29,997.02,58558.49,1.0,31.0,1.0,0.4646379063567055,31.0,3.32258064408949,0.009708737863135074,0.0,0.0,0.0,0.0,0
1127,99.0,546.6811111111111,257.9206749311038,24.1,996.15,54121.43,1.0,31.0,1.0,0.4717936465779304,31.0,3.193548386066597,0.010101010099989798,0.0,0.0,0.0,0.0,0
1128,104.0,559.515673076923,243.16629451845054,100.64,997.78,58189.63,1.0,31.0,1.0,0.4346013994154435,31.0,3.354838708595213,0.00961538461446006,0.0,0.0,0.0,0.0,0
1129,104.0,530.3536538461539,255.36896339635993,101.6,986.5,55156.78,1.0,31.0,1.0,0.4815069370024984,31.0,3.354838708595213,0.00961538461446006,0.0,0.0,0.0,0.0,0
1130,104.0,562.2764423076923,271.83141599559724,100.65,992.66,58476.75,1.0,31.0,1.0,0.483447990236108,31.0,3.354838708595213,0.00961538461446006,0.0,0.0,0.0,0.0,0
1131,105.0,500.6106666666667,279.65477081389895,103.7,995.6,52564.12,1.0,31.0,2.0,0.5586272715090222,31.0,3.3870967731009363,0.01904761904580499,0.0,0.0,0.0,0.0,1
1132,104.0,522.5434615384615,266.8354171073489,122.32,989.77,54344.52,1.0,31.0,1.0,0.5106473178644915,31.0,3.354838708595213,0.00961538461446006,0.0,0.0,0.0,0.0,0
1133,104.0,491.4019230769231,263.3820372938926,103.2,992.75,51105.8,1.0,31.0,1.0,0.5359808843224724,31.0,3.354838708595213,0.00961538461446006,0.0,0.0,0.0,0.0,0
1134,104.0,545.6175000000001,267.7096788482425,107.01,994.02,56744.22,1.0,31.0,1.0,0.490654494849113,31.0,3.354838708595213,0.00961538461446006,0.0,0.0,0.0,0.0,0
1135,104.0,525.5380769230769,275.60231667293573,101.1,992.06,54655.96,1.0,31.0,1.0,0.5244193118818135,31.0,3.354838708595213,0.00961538461446006,0.0,0.0,0.0,0.0,0
1136,104.0,597.1390384615385,269.63799077821204,105.27,997.13,62102.46,1.0,31.0,1.0,0.45154976212640274,31.0,3.354838708595213,0.00961538461446006,0.0,0.0,0.0,0.0,0
1137,104.0,558.5216346153846,268.8553380144338,103.07,997.41,58086.25,1.0,31.0,1.0,0.48136960387355854,31.0,3.354838708595213,0.00961538461446006,0.0,0.0,0.0,0.0,0
1138,104.0,566.0113461538461,251.82928275043287,107.59,994.76,58865.18,1.0,31.0,1.0,0.4449191424468982,31.0,3.354838708595213,0.00961538461446006,0.0,0.0,0.0,0.0,0
1139,104.0,547.8707692307692,266.94410267106264,104.68,997.76,56978.56,1.0,31.0,1.0,0.4872391769339869,31.0,3.354838708595213,0.00961538461446006,0.0,0.0,0.0,0.0,0
1140,105.0,542.7819047619048,258.9277583319303,102.61,998.74,56992.1,1.0,31.0,2.0,0.4770383022270067,31.0,3.3870967731009363,0.01904761904580499,1.0,296.88,296.88,1.0,1
1141,104.0,472.5659615384615,259.0416407074848,105.77,992.23,49146.86,1.0,31.0,1.0,0.5481597528918091,31.0,3.354838708595213,0.00961538461446006,0.0,0.0,0.0,0.0,0
1142,104.0,579.4661538461539,275.0723119730332,101.1,999.73,60264.48,1.0,31.0,1.0,0.4746995318751902,31.0,3.354838708595213,0.00961538461446006,0.0,0.0,0.0,0.0,0
1143,103.0,529.0714563106797,253.5343048119639,101.45,985.57,54494.36,1.0,31.0,1.0,0.47920616730132615,31.0,3.32258064408949,0.009708737863135074,0.0,0.0,0.0,0.0,0
1144,104.0,513.0400000000001,260.42458963657526,103.11,994.27,53356.16,1.0,31.0,1.0,0.507610692405074,31.0,3.354838708595213,0.00961538461446006,0.0,0.0,0.0,0.0,0
1145,104.0,575.8146153846154,269.9008203634445,104.2,995.75,59884.72,1.0,31.0,1.0,0.4687286726448875,31.0,3.354838708595213,0.00961538461446006,0.0,0.0,0.0,0.0,0
1146,103.0,526.0167961165049,288.9034001123857,100.63,998.52,54179.73,1.0,31.0,1.0,0.5492284699648747,31.0,3.32258064408949,0.009708737863135074,0.0,0.0,0.0,0.0,0
1147,103.0,572.0360194174757,261.12998773933396,103.74,997.49,58919.71,1.0,31.0,1.0,0.4564922118028281,31.0,3.32258064408949,0.009708737863135074,0.0,0.0,0.0,0.0,0
1148,104.0,545.605673076923,246.31723471569987,111.69,991.38,56742.99,1.0,31.0,1.0,0.45145651312987334,31.0,3.354838708595213,0.00961538461446006,0.0,0.0,0.0,0.0,0
1149,104.0,508.3003846153846,283.0727979130055,100.59,984.49,52863.24,1.0,31.0,1.0,0.5569006171845199,31.0,3.354838708595213,0.00961538461446006,0.0,0.0,0.0,0.0,0
1150,104.0,553.7369230769231,259.73897125105646,102.51,995.38,57588.64,1.0,31.0,1.0,0.4690656526985538,31.0,3.354838708595213,0.00961538461446006,0.0,0.0,0.0,0.0,0
1151,104.0,552.9364423076923,244.7111536053688,106.46,991.62,57505.39,1.0,31.0,1.0,0.4425665137563293,31.0,3.354838708595213,0.00961538461446006,0.0,0.0,0.0,0.0,0
1152,103.0,529.8184466019418,276.0860873051115,126.11,998.5,54571.3,1.0,31.0,2.0,0.5210956490296136,31.0,3.32258064408949,0.019417475726270148,0.0,0.0,0.0,0.0,0
1153,103.0,537.0702912621359,259.03044975997614,104.08,969.15,55318.24,1.0,31.0,2.0,0.48230269662919084,31.0,3.32258064408949,0.019417475726270148,2.0,804.49,402.245,1.0,0
1154,103.0,544.4901941747572,268.1322075679385,101.46,999.71,56082.49,1.0,31.0,1.0,0.492446347852787,31.0,3.32258064408949,0.009708737863135074,85.0,43680.340000000004,513.8863529411765,1.0,0
1155,103.0,542.3178640776699,267.4597325772518,106.16,998.01,55858.74,1.0,31.0,1.0,0.4931789090650624,31.0,3.32258064408949,0.009708737863135074,8.0,5076.89,634.61125,1.0,0
1156,103.0,542.8240776699029,234.46866632685044,103.55,997.26,55910.88,1.0,31.0,1.0,0.4319422736902137,31.0,3.32258064408949,0.009708737863135074,8.0,4615.22,576.9025,1.0,0
1157,103.0,603.5369902912621,250.2050320681529,114.9,990.37,62164.31,1.0,31.0,2.0,0.41456453554447475,31.0,3.32258064408949,0.019417475726270148,0.0,0.0,0.0,0.0,0
1158,102.0,566.1653921568628,251.21051677420573,102.02,975.32,57748.87,1.0,31.0,2.0,0.4437051791752185,31.0,3.290322579583767,0.019607843135332564,2.0,1374.69,687.345,1.0,0
1159,103.0,607.0306796116505,250.1470467280965,146.74,999.31,62524.16,1.0,31.0,2.0,0.4120830381818723,31.0,3.32258064408949,0.019417475726270148,2.0,993.3900000000001,496.69500000000005,1.0,0
1160,103.0,505.7009708737864,260.60887737319086,101.26,974.77,52087.2,1.0,31.0,2.0,0.5153418569035744,31.0,3.32258064408949,0.019417475726270148,12.0,5683.48,473.6233333333333,1.0,0
1161,103.0,567.5701941747573,261.99874183570296,105.38,999.59,58459.73,1.0,31.0,2.0,0.46161469457012444,31.0,3.32258064408949,0.019417475726270148,0.0,0.0,0.0,0.0,0
1162,103.0,554.3414563106796,249.93934872287568,103.95,989.45,57097.17,1.0,31.0,2.0,0.45087616282894216,31.0,3.32258064408949,0.019417475726270148,8.0,3469.29,433.66125,1.0,0
1163,103.0,542.5297087378641,248.82270142419074,106.39,974.31,55880.56,1.0,31.0,2.0,0.45863424142884845,31.0,3.32258064408949,0.019417475726270148,2.0,1208.27,604.135,1.0,0
1164,103.0,560.3935922330097,251.10667177030086,103.32,996.35,57720.54,1.0,31.0,2.0,0.4480898340847029,31.0,3.32258064408949,0.019417475726270148,8.0,4469.61,558.70125,1.0,0
1165,103.0,550.1619417475728,261.68330550592333,110.3,996.48,56666.68,1.0,31.0,2.0,0.4756477786702907,31.0,3.32258064408949,0.019417475726270148,0.0,0.0,0.0,0.0,0
1166,103.0,534.0331067961165,261.8578346970241,111.3,993.26,55005.41,1.0,31.0,2.0,0.4903400769722184,31.0,3.32258064408949,0.019417475726270148,2.0,1327.79,663.895,1.0,0
1167,104.0,517.65375,272.3139044729375,102.02,968.39,53835.99,1.0,31.0,3.0,0.5260541519648548,31.0,3.354838708595213,0.028846153843380178,3.0,1745.74,581.9133333333333,1.0,1
1168,103.0,515.1403883495145,263.2437979267632,103.34,994.12,53059.46,1.0,31.0,2.0,0.5110137039828575,31.0,3.32258064408949,0.019417475726270148,14.0,8231.98,587.9985714285714,1.0,0
1169,103.0,540.6152427184467,253.99190004007988,100.22,970.93,55683.37,1.0,31.0,2.0,0.46982008638565353,31.0,3.32258064408949,0.019417475726270148,2.0,1014.4599999999999,507.22999999999996,1.0,0
1170,102.0,566.4261764705883,254.63078423335872,110.22,998.74,57775.47,1.0,31.0,2.0,0.44953922471498814,31.0,3.290322579583767,0.019607843135332564,2.0,852.78,426.39,1.0,0
1171,102.0,509.3953921568628,274.29463598481595,101.49,996.24,51958.33,1.0,31.0,2.0,0.5384709799160594,31.0,3.290322579583767,0.019607843135332564,2.0,521.4200000000001,260.71000000000004,1.0,0
1172,103.0,565.1322330097087,236.50224417511717,109.75,965.4,58208.619999999995,1.0,31.0,2.0,0.4184900990541612,31.0,3.32258064408949,0.019417475726270148,26.0,14096.74,542.1823076923076,1.0,0
1173,103.0,562.8900970873786,260.44201929545926,103.44,996.1,57977.68,1.0,31.0,2.0,0.46268715800555893,31.0,3.32258064408949,0.019417475726270148,2.0,1543.52,771.76,1.0,0
1174,97.0,555.210412371134,266.2697615667768,105.56,993.66,53855.409999999996,1.0,31.0,2.0,0.4795835157788634,31.0,3.129032257055151,0.020618556698905305,2.0,758.78,379.39,1.0,0
1175,98.0,593.5575510204081,275.28452247736374,109.53,999.84,58168.64,1.0,31.0,2.0,0.4637874153895834,31.0,3.161290321560874,0.020408163263223658,4.0,2044.06,511.015,1.0,0
1176,103.0,549.8645631067961,274.18546955170257,121.28,984.41,56636.05,1.0,31.0,2.0,0.4986418255388884,31.0,3.32258064408949,0.019417475726270148,4.0,2274.13,568.5325,1.0,0
1177,102.0,555.2398039215686,276.93184492689653,122.42,998.85,56634.46,1.0,31.0,2.0,0.49876079302309423,31.0,3.290322579583767,0.019607843135332564,52.0,25497.670000000002,490.3398076923077,1.0,0
1178,103.0,541.026213592233,254.51089784871263,100.4,984.19,55725.7,1.0,31.0,1.0,0.4704224886889328,31.0,3.32258064408949,0.009708737863135074,26.0,16543.6,636.2923076923076,1.0,0
1179,103.0,544.5033980582524,283.9291403265527,100.53,993.69,56083.85,1.0,31.0,1.0,0.5214460393339231,31.0,3.32258064408949,0.009708737863135074,0.0,0.0,0.0,0.0,0
1180,103.0,535.2371844660195,277.752890323704,110.95,981.67,55129.43,1.0,31.0,1.0,0.5189342190334093,31.0,3.32258064408949,0.009708737863135074,2.0,836.28,418.14,1.0,0
1181,103.0,580.6227184466019,284.0392343970306,103.85,998.16,59804.14,1.0,31.0,2.0,0.4891975897051656,31.0,3.32258064408949,0.019417475726270148,8.0,5516.81,689.60125,1.0,0
1182,103.0,538.0292233009709,280.5097694174064,100.58,992.7,55417.01,1.0,31.0,1.0,0.5213653037119081,31.0,3.32258064408949,0.009708737863135074,12.0,6749.47,562.4558333333333,1.0,0
1183,102.0,564.2090196078432,254.19325682026,115.06,998.24,57549.32,1.0,31.0,2.0,0.4505302963650479,31.0,3.290322579583767,0.019607843135332564,4.0,2432.24,608.06,1.0,0
1184,103.0,580.5901941747572,253.07000245603825,102.04,998.1,59800.79,1.0,31.0,2.0,0.43588404521951934,31.0,3.32258064408949,0.019417475726270148,2.0,1560.72,780.36,1.0,0
1185,103.0,601.3447572815534,261.46354731810317,129.29,998.2,61938.51,1.0,31.0,2.0,0.43479808237745443,31.0,3.32258064408949,0.019417475726270148,0.0,0.0,0.0,0.0,0
1186,90.0,602.0464444444444,279.7764562514316,102.66,995.97,54184.18,1.0,31.0,1.0,0.4647090915136228,31.0,2.9032258055150884,0.011111111109876544,2.0,241.02999999999997,120.51499999999999,1.0,0
1187,103.0,529.2753398058253,277.38568813828874,101.97,994.24,54515.36,1.0,31.0,2.0,0.5240857966948018,31.0,3.32258064408949,0.019417475726270148,5.0,2497.49,499.49799999999993,2.0,1
1188,103.0,527.0981553398059,240.7678893105027,110.31,994.43,54291.11,1.0,31.0,1.0,0.4567799884458301,31.0,3.32258064408949,0.009708737863135074,2.0,1119.63,559.815,1.0,0
1189,103.0,540.9399999999999,223.5757532321726,103.16,987.97,55716.82,1.0,31.0,2.0,0.4133097075979582,31.0,3.32258064408949,0.019417475726270148,0.0,0.0,0.0,0.0,0
1190,103.0,540.2471844660195,263.6622965618512,112.58,996.55,55645.46,1.0,31.0,2.0,0.4880401122637496,31.0,3.32258064408949,0.019417475726270148,127.0,56509.18,444.95417322834646,1.0,0
1191,103.0,573.081359223301,252.09339696670517,108.48,995.19,59027.38,1.0,31.0,2.0,0.4398911130244565,31.0,3.32258064408949,0.019417475726270148,2.0,1127.6100000000001,563.8050000000001,1.0,0
1192,100.0,510.78729999999996,280.24623673071375,3.21,998.03,51078.729999999996,1.0,31.0,2.0,0.54865545154554,31.0,3.2258064505723203,0.019999999998,2.0,664.1,332.05,1.0,0
1193,103.0,555.9656310679611,252.19906537849053,100.29,988.01,57264.46,1.0,31.0,2.0,0.45362348188592533,31.0,3.32258064408949,0.019417475726270148,4.0,2656.66,664.165,1.0,0
1194,103.0,586.8098058252427,272.270653819567,105.03,981.27,60441.41,1.0,31.0,2.0,0.46398449908659467,31.0,3.32258064408949,0.019417475726270148,127.0,63065.14,496.575905511811,2.0,0
1195,103.0,559.0198058252428,260.1186235237367,117.07,993.35,57579.04,1.0,31.0,1.0,0.4653119993397876,31.0,3.32258064408949,0.009708737863135074,12.0,6465.8,538.8166666666667,1.0,0
1196,102.0,574.2223529411765,255.9889741599012,102.93,999.8,58570.68,1.0,31.0,2.0,0.44580113059734333,31.0,3.290322579583767,0.019607843135332564,0.0,0.0,0.0,0.0,0
1197,96.0,620.9763541666667,249.15094462729468,100.88,996.22,59613.73,1.0,31.0,2.0,0.40122452803800585,31.0,3.0967741925494274,0.020833333331163197,0.0,0.0,0.0,0.0,0
1198,103.0,496.2488349514563,256.81029926853415,107.25,970.7,51113.63,1.0,31.0,2.0,0.5175030774399312,31.0,3.32258064408949,0.019417475726270148,14.0,8704.98,621.7842857142857,1.0,0
1199,103.0,560.5763106796117,259.8523724400569,107.99,998.57,57739.36,1.0,31.0,2.0,0.46354504727534923,31.0,3.32258064408949,0.019417475726270148,6.0,4540.6,756.7666666666668,1.0,0
1200,103.0,598.232427184466,261.27078707230993,106.87,999.97,61617.94,1.0,31.0,2.0,0.4367379219103735,31.0,3.32258064408949,0.019417475726270148,4.0,2745.64,686.41,1.0,0
1201,103.0,513.9563106796116,270.115166433201,102.71,988.62,52937.5,1.0,31.0,2.0,0.52556055994481,31.0,3.32258064408949,0.019417475726270148,0.0,0.0,0.0,0.0,0
1202,103.0,550.8384466019418,260.5310028096738,102.46,997.5,56736.36,1.0,31.0,2.0,0.4729717114194361,31.0,3.32258064408949,0.019417475726270148,4.0,1763.3700000000001,440.84250000000003,1.0,0
1203,103.0,529.701359223301,246.39686749205865,100.54,997.1,54559.24,1.0,31.0,2.0,0.46516185619893025,31.0,3.32258064408949,0.019417475726270148,0.0,0.0,0.0,0.0,0
1204,103.0,565.0795145631068,252.73578967201027,105.53,999.43,58203.19,1.0,31.0,2.0,0.447257037556814,31.0,3.32258064408949,0.019417475726270148,2.0,988.08,494.04,1.0,0
1205,103.0,505.2569902912621,263.1851033459261,101.71,985.79,52041.47,1.0,31.0,2.0,0.5208935420942926,31.0,3.32258064408949,0.019417475726270148,2.0,1109.23,554.615,1.0,0
1206,0.0,0.0,0.0,0.0,0.0,0.0,0.0,0.0,0.0,0.0,0.0,0.0,0.0,12.0,7138.9,594.9083333333333,2.0,0
1207,0.0,0.0,0.0,0.0,0.0,0.0,0.0,0.0,0.0,0.0,0.0,0.0,0.0,2.0,1595.1,797.55,1.0,0
1208,0.0,0.0,0.0,0.0,0.0,0.0,0.0,0.0,0.0,0.0,0.0,0.0,0.0,0.0,0.0,0.0,0.0,0
1209,0.0,0.0,0.0,0.0,0.0,0.0,0.0,0.0,0.0,0.0,0.0,0.0,0.0,4.0,1713.5700000000002,428.39250000000004,1.0,0
1210,0.0,0.0,0.0,0.0,0.0,0.0,0.0,0.0,0.0,0.0,0.0,0.0,0.0,2.0,1772.01,886.005,1.0,0
1211,0.0,0.0,0.0,0.0,0.0,0.0,0.0,0.0,0.0,0.0,0.0,0.0,0.0,4.0,2109.2,527.3,2.0,0
1212,0.0,0.0,0.0,0.0,0.0,0.0,0.0,0.0,0.0,0.0,0.0,0.0,0.0,4.0,1574.46,393.615,1.0,0
1213,0.0,0.0,0.0,0.0,0.0,0.0,0.0,0.0,0.0,0.0,0.0,0.0,0.0,14.0,6490.47,463.605,1.0,0
1214,0.0,0.0,0.0,0.0,0.0,0.0,0.0,0.0,0.0,0.0,0.0,0.0,0.0,4.0,2910.9,727.725,1.0,0
1215,0.0,0.0,0.0,0.0,0.0,0.0,0.0,0.0,0.0,0.0,0.0,0.0,0.0,8.0,2988.33,373.54125,2.0,0
1216,0.0,0.0,0.0,0.0,0.0,0.0,0.0,0.0,0.0,0.0,0.0,0.0,0.0,6.0,2867.6400000000003,477.94000000000005,2.0,0
1217,0.0,0.0,0.0,0.0,0.0,0.0,0.0,0.0,0.0,0.0,0.0,0.0,0.0,6.0,4371.08,728.5133333333333,2.0,0
1218,0.0,0.0,0.0,0.0,0.0,0.0,0.0,0.0,0.0,0.0,0.0,0.0,0.0,8.0,4251.68,531.46,2.0,0
1219,0.0,0.0,0.0,0.0,0.0,0.0,0.0,0.0,0.0,0.0,0.0,0.0,0.0,2.0,1262.01,631.005,1.0,0
1220,0.0,0.0,0.0,0.0,0.0,0.0,0.0,0.0,0.0,0.0,0.0,0.0,0.0,4.0,2530.0299999999997,632.5074999999999,1.0,0
1221,0.0,0.0,0.0,0.0,0.0,0.0,0.0,0.0,0.0,0.0,0.0,0.0,0.0,73.0,40097.88,549.2860273972602,2.0,0
1222,0.0,0.0,0.0,0.0,0.0,0.0,0.0,0.0,0.0,0.0,0.0,0.0,0.0,8.0,5084.4400000000005,635.5550000000001,2.0,0
1223,0.0,0.0,0.0,0.0,0.0,0.0,0.0,0.0,0.0,0.0,0.0,0.0,0.0,0.0,0.0,0.0,0.0,0
1224,0.0,0.0,0.0,0.0,0.0,0.0,0.0,0.0,0.0,0.0,0.0,0.0,0.0,2.0,1405.6399999999999,702.8199999999999,1.0,0
1225,0.0,0.0,0.0,0.0,0.0,0.0,0.0,0.0,0.0,0.0,0.0,0.0,0.0,106.0,51962.06,490.20811320754717,2.0,0
1226,0.0,0.0,0.0,0.0,0.0,0.0,0.0,0.0,0.0,0.0,0.0,0.0,0.0,2.0,878.24,439.12,1.0,0
1227,0.0,0.0,0.0,0.0,0.0,0.0,0.0,0.0,0.0,0.0,0.0,0.0,0.0,0.0,0.0,0.0,0.0,0
1228,1.0,913.17,0.0,913.17,913.17,913.17,18.0,18.0,1.0,0.0,1.0,0.9999999900000002,0.9999999900000002,11.0,6112.61,555.6918181818181,3.0,1
1229,0.0,0.0,0.0,0.0,0.0,0.0,0.0,0.0,0.0,0.0,0.0,0.0,0.0,93.0,51823.5,557.241935483871,1.0,0
1230,0.0,0.0,0.0,0.0,0.0,0.0,0.0,0.0,0.0,0.0,0.0,0.0,0.0,6.0,3960.2200000000003,660.0366666666667,2.0,0
1231,0.0,0.0,0.0,0.0,0.0,0.0,0.0,0.0,0.0,0.0,0.0,0.0,0.0,9.0,5825.07,647.23,2.0,0
1232,0.0,0.0,0.0,0.0,0.0,0.0,0.0,0.0,0.0,0.0,0.0,0.0,0.0,8.0,3395.33,424.41625,2.0,0
1233,0.0,0.0,0.0,0.0,0.0,0.0,0.0,0.0,0.0,0.0,0.0,0.0,0.0,4.0,1785.9699999999998,446.49249999999995,2.0,0
1234,0.0,0.0,0.0,0.0,0.0,0.0,0.0,0.0,0.0,0.0,0.0,0.0,0.0,2.0,1292.8400000000001,646.4200000000001,1.0,0
1235,0.0,0.0,0.0,0.0,0.0,0.0,0.0,0.0,0.0,0.0,0.0,0.0,0.0,2.0,1072.56,536.28,1.0,0
1236,0.0,0.0,0.0,0.0,0.0,0.0,0.0,0.0,0.0,0.0,0.0,0.0,0.0,14.0,8682.86,620.2042857142858,2.0,0
1237,0.0,0.0,0.0,0.0,0.0,0.0,0.0,0.0,0.0,0.0,0.0,0.0,0.0,14.0,7468.31,533.4507142857143,1.0,0
1238,1.0,335.76,0.0,335.76,335.76,335.76,1.0,1.0,1.0,0.0,1.0,0.9999999900000002,0.9999999900000002,4.0,2898.11,724.5275,1.0,1
1239,0.0,0.0,0.0,0.0,0.0,0.0,0.0,0.0,0.0,0.0,0.0,0.0,0.0,22.0,12095.82,549.81,2.0,0
1240,0.0,0.0,0.0,0.0,0.0,0.0,0.0,0.0,0.0,0.0,0.0,0.0,0.0,8.0,5259.53,657.44125,2.0,0
1241,0.0,0.0,0.0,0.0,0.0,0.0,0.0,0.0,0.0,0.0,0.0,0.0,0.0,4.0,1652.48,413.12,2.0,0
1242,0.0,0.0,0.0,0.0,0.0,0.0,0.0,0.0,0.0,0.0,0.0,0.0,0.0,2.0,574.85,287.425,1.0,0
1243,0.0,0.0,0.0,0.0,0.0,0.0,0.0,0.0,0.0,0.0,0.0,0.0,0.0,2.0,901.62,450.81,1.0,0
1244,0.0,0.0,0.0,0.0,0.0,0.0,0.0,0.0,0.0,0.0,0.0,0.0,0.0,18.0,9038.369999999999,502.1316666666666,2.0,0
1245,0.0,0.0,0.0,0.0,0.0,0.0,0.0,0.0,0.0,0.0,0.0,0.0,0.0,10.0,6559.53,655.953,1.0,0
1246,0.0,0.0,0.0,0.0,0.0,0.0,0.0,0.0,0.0,0.0,0.0,0.0,0.0,6.0,4346.15,724.3583333333332,2.0,0
1247,0.0,0.0,0.0,0.0,0.0,0.0,0.0,0.0,0.0,0.0,0.0,0.0,0.0,2.0,933.11,466.555,1.0,0
1248,0.0,0.0,0.0,0.0,0.0,0.0,0.0,0.0,0.0,0.0,0.0,0.0,0.0,108.0,58797.11,544.4176851851852,2.0,0
1249,0.0,0.0,0.0,0.0,0.0,0.0,0.0,0.0,0.0,0.0,0.0,0.0,0.0,2.0,750.01,375.005,1.0,0
1250,0.0,0.0,0.0,0.0,0.0,0.0,0.0,0.0,0.0,0.0,0.0,0.0,0.0,12.0,6181.17,515.0975,2.0,0
1251,0.0,0.0,0.0,0.0,0.0,0.0,0.0,0.0,0.0,0.0,0.0,0.0,0.0,10.0,4365.58,436.558,2.0,0
1252,0.0,0.0,0.0,0.0,0.0,0.0,0.0,0.0,0.0,0.0,0.0,0.0,0.0,20.0,11227.02,561.351,1.0,0
1253,0.0,0.0,0.0,0.0,0.0,0.0,0.0,0.0,0.0,0.0,0.0,0.0,0.0,2.0,953.72,476.86,1.0,0
1254,0.0,0.0,0.0,0.0,0.0,0.0,0.0,0.0,0.0,0.0,0.0,0.0,0.0,6.0,3580.77,596.795,1.0,0
1255,0.0,0.0,0.0,0.0,0.0,0.0,0.0,0.0,0.0,0.0,0.0,0.0,0.0,4.0,3228.8,807.2,1.0,0
1256,0.0,0.0,0.0,0.0,0.0,0.0,0.0,0.0,0.0,0.0,0.0,0.0,0.0,2.0,1255.44,627.72,1.0,0
1257,0.0,0.0,0.0,0.0,0.0,0.0,0.0,0.0,0.0,0.0,0.0,0.0,0.0,4.0,2300.0299999999997,575.0074999999999,1.0,0
1258,0.0,0.0,0.0,0.0,0.0,0.0,0.0,0.0,0.0,0.0,0.0,0.0,0.0,2.0,1753.06,876.53,1.0,0
1259,0.0,0.0,0.0,0.0,0.0,0.0,0.0,0.0,0.0,0.0,0.0,0.0,0.0,4.0,2048.84,512.21,2.0,0
1260,0.0,0.0,0.0,0.0,0.0,0.0,0.0,0.0,0.0,0.0,0.0,0.0,0.0,4.0,1102.7,275.675,1.0,0
1261,104.0,539.6638461538462,246.56971285952093,101.55,999.58,56125.04,1.0,31.0,1.0,0.45689499975260606,31.0,3.354838708595213,0.00961538461446006,0.0,0.0,0.0,0.0,0
1262,104.0,535.2943269230769,243.64361717441693,104.76,998.56,55670.61,1.0,31.0,1.0,0.4551582277554709,31.0,3.354838708595213,0.00961538461446006,0.0,0.0,0.0,0.0,0
1263,104.0,580.6825,263.46888286541457,107.77,996.36,60390.98,1.0,31.0,1.0,0.453722788031114,31.0,3.354838708595213,0.00961538461446006,0.0,0.0,0.0,0.0,0
1264,105.0,524.6264761904762,258.9478815432414,104.59,996.78,55085.78,1.0,31.0,2.0,0.4935852330950398,31.0,3.3870967731009363,0.01904761904580499,1.0,450.76,450.76,1.0,1
1265,104.0,487.8199038461538,251.0719214503433,100.62,981.16,50733.27,1.0,31.0,1.0,0.5146815852851676,31.0,3.354838708595213,0.00961538461446006,0.0,0.0,0.0,0.0,0
1266,104.0,578.1734615384615,260.9824015856548,109.5,992.94,60130.04,1.0,31.0,1.0,0.4513911809211944,31.0,3.354838708595213,0.00961538461446006,0.0,0.0,0.0,0.0,0
1267,104.0,524.9382692307693,250.37403601331488,105.92,990.45,54593.58,1.0,31.0,1.0,0.4769590077237783,31.0,3.354838708595213,0.00961538461446006,0.0,0.0,0.0,0.0,0
1268,104.0,538.9227884615385,255.694178520048,107.38,990.27,56047.97,1.0,31.0,1.0,0.4744541963891209,31.0,3.354838708595213,0.00961538461446006,0.0,0.0,0.0,0.0,0
1269,89.0,584.5920224719101,243.7277501974645,140.17,974.14,52028.69,1.0,31.0,1.0,0.4169193913435699,31.0,2.8709677410093652,0.01123595505491731,0.0,0.0,0.0,0.0,0
1270,104.0,541.9139423076923,260.5425733521636,103.07,995.97,56359.05,1.0,31.0,1.0,0.4807821925338521,31.0,3.354838708595213,0.00961538461446006,0.0,0.0,0.0,0.0,0
1271,104.0,561.1723076923076,263.7402171644717,65.87,999.64,58361.92,1.0,31.0,1.0,0.4699808125677887,31.0,3.354838708595213,0.00961538461446006,0.0,0.0,0.0,0.0,0
1272,104.0,588.9144230769231,245.17074856336393,126.74,997.86,61247.1,1.0,31.0,1.0,0.41630963507099744,31.0,3.354838708595213,0.00961538461446006,0.0,0.0,0.0,0.0,0
1273,103.0,477.06349514563107,258.48426498819555,101.68,997.9,49137.54,1.0,31.0,1.0,0.5418236096724839,31.0,3.32258064408949,0.009708737863135074,0.0,0.0,0.0,0.0,0
1274,104.0,494.1825,265.4329639055216,103.84,989.5,51394.98,1.0,31.0,1.0,0.5371152638957277,31.0,3.354838708595213,0.00961538461446006,0.0,0.0,0.0,0.0,0
1275,104.0,564.1175000000001,275.38940942032207,115.67,999.57,58668.22,1.0,31.0,1.0,0.4881773910850847,31.0,3.354838708595213,0.00961538461446006,0.0,0.0,0.0,0.0,0
1276,104.0,540.83875,271.4107850261655,105.57,994.09,56247.23,1.0,31.0,1.0,0.5018330972422874,31.0,3.354838708595213,0.00961538461446006,0.0,0.0,0.0,0.0,0
1277,103.0,508.61844660194174,254.67395801243626,118.73,980.38,52387.7,1.0,31.0,1.0,0.500717108687062,31.0,3.32258064408949,0.009708737863135074,0.0,0.0,0.0,0.0,0
1278,90.0,563.1728888888889,281.74652375050357,9.93,995.63,50685.56,1.0,31.0,1.0,0.5002842453964219,31.0,2.9032258055150884,0.011111111109876544,0.0,0.0,0.0,0.0,0
1279,104.0,547.1670192307693,276.7141235053596,101.86,998.5,56905.37,1.0,31.0,1.0,0.5057214959507591,31.0,3.354838708595213,0.00961538461446006,0.0,0.0,0.0,0.0,0
1280,103.0,550.3024271844661,241.78687046720614,102.34,995.33,56681.15,1.0,31.0,1.0,0.4393708959269471,31.0,3.32258064408949,0.009708737863135074,0.0,0.0,0.0,0.0,0
1281,104.0,549.9268269230769,278.2659389873534,107.98,995.26,57192.39,1.0,31.0,1.0,0.5060053908248722,31.0,3.354838708595213,0.00961538461446006,0.0,0.0,0.0,0.0,0
1282,103.0,561.8004854368932,245.7117300917154,101.98,999.76,57865.45,1.0,31.0,1.0,0.4373647521793437,31.0,3.32258064408949,0.009708737863135074,0.0,0.0,0.0,0.0,0
1283,104.0,512.5061538461539,240.04928117945326,103.43,959.6,53300.64,1.0,31.0,1.0,0.46838321720294573,31.0,3.354838708595213,0.00961538461446006,0.0,0.0,0.0,0.0,0
1284,104.0,525.4123076923076,275.70802489713844,113.34,961.04,54642.88,1.0,31.0,1.0,0.5247460344102775,31.0,3.354838708595213,0.00961538461446006,0.0,0.0,0.0,0.0,0
1285,98.0,546.9286734693878,277.8790972860885,68.65,998.76,53599.01,1.0,31.0,1.0,0.5080719127748583,31.0,3.161290321560874,0.010204081631611829,0.0,0.0,0.0,0.0,0
1286,104.0,497.75442307692305,247.87436280419612,100.03,997.11,51766.46,1.0,31.0,1.0,0.4979852539872051,31.0,3.354838708595213,0.00961538461446006,0.0,0.0,0.0,0.0,0
1287,96.0,523.4733333333334,271.41513775285915,0.25,995.5,50253.44,1.0,31.0,1.0,0.5184889476974457,31.0,3.0967741925494274,0.010416666665581598,0.0,0.0,0.0,0.0,0
1288,104.0,592.7143269230769,241.0323566393429,123.13,987.03,61642.29,1.0,31.0,1.0,0.4066585633023812,31.0,3.354838708595213,0.00961538461446006,0.0,0.0,0.0,0.0,0
1289,104.0,569.0660576923077,235.29962241693045,111.69,963.81,59182.87,1.0,31.0,1.0,0.4134838464395313,31.0,3.354838708595213,0.00961538461446006,0.0,0.0,0.0,0.0,0
1290,104.0,497.6106730769231,246.8863064669683,111.28,997.57,51751.51,1.0,31.0,1.0,0.49614351102119947,31.0,3.354838708595213,0.00961538461446006,0.0,0.0,0.0,0.0,0
1291,103.0,555.0044660194175,252.79564975442338,117.11,994.53,57165.46,1.0,31.0,1.0,0.4554839919811099,31.0,3.32258064408949,0.009708737863135074,0.0,0.0,0.0,0.0,0
1292,104.0,558.3000961538462,257.1805076998787,104.39,996.38,58063.21,1.0,31.0,1.0,0.4606492269426425,31.0,3.354838708595213,0.00961538461446006,0.0,0.0,0.0,0.0,0
1293,104.0,572.7029807692307,245.13776975993204,105.39,996.98,59561.11,1.0,31.0,1.0,0.42803648311100606,31.0,3.354838708595213,0.00961538461446006,0.0,0.0,0.0,0.0,0
1294,103.0,529.8339805825243,251.25053425107498,104.26,979.6,54572.9,1.0,31.0,1.0,0.47420615410528466,31.0,3.32258064408949,0.009708737863135074,0.0,0.0,0.0,0.0,0
1295,104.0,526.719423076923,245.69709743308437,103.48,979.51,54778.82,1.0,31.0,1.0,0.4664667499693431,31.0,3.354838708595213,0.00961538461446006,0.0,0.0,0.0,0.0,0
1296,104.0,564.5000961538461,230.78587012112217,119.04,968.38,58708.01,1.0,31.0,1.0,0.4088322954937754,31.0,3.354838708595213,0.00961538461446006,0.0,0.0,0.0,0.0,0
1297,104.0,545.4441346153847,250.70867816647612,104.23,979.91,56726.19,1.0,31.0,1.0,0.45964134959241026,31.0,3.354838708595213,0.00961538461446006,0.0,0.0,0.0,0.0,0
1298,97.0,598.390618556701,262.72423816306593,22.65,967.37,58043.89,1.0,31.0,1.0,0.43905139888783323,31.0,3.129032257055151,0.010309278349452652,0.0,0.0,0.0,0.0,0
1299,94.0,555.7782978723404,251.22274564697554,121.61,986.21,52243.16,1.0,31.0,1.0,0.45201971110458866,31.0,3.032258063537981,0.010638297871208692,0.0,0.0,0.0,0.0,0
1300,205.0,631.3340487804878,244.08598010139067,112.5,998.08,129423.48,1.0,31.0,1.0,0.3866193825107509,31.0,6.612903223673257,0.004878048780249851,153.0,81674.06,533.817385620915,1.0,0
1301,104.0,509.58875,275.4028148451571,109.9,988.6,52997.23,1.0,31.0,1.0,0.5404413163354816,31.0,3.354838708595213,0.00961538461446006,0.0,0.0,0.0,0.0,0
1302,104.0,559.8616346153847,263.8018348829161,100.55,985.12,58225.61,1.0,31.0,1.0,0.4711911275353446,31.0,3.354838708595213,0.00961538461446006,0.0,0.0,0.0,0.0,0
1303,95.0,541.6080000000001,272.5652704715589,108.13,997.28,51452.76,1.0,31.0,2.0,0.5032519284547613,31.0,3.0645161280437043,0.021052631576731304,0.0,0.0,0.0,0.0,1
1304,104.0,553.5849999999999,250.3701535377655,103.32,995.52,57572.84,1.0,31.0,1.0,0.45227047975151574,31.0,3.354838708595213,0.00961538461446006,0.0,0.0,0.0,0.0,0
1305,104.0,588.1564423076923,248.57510224117414,114.37,997.52,61168.27,1.0,31.0,1.0,0.4226343271216036,31.0,3.354838708595213,0.00961538461446006,0.0,0.0,0.0,0.0,0
1306,104.0,599.03625,254.12936608960004,117.07,998.36,62299.77,1.0,31.0,1.0,0.42423036349696325,31.0,3.354838708595213,0.00961538461446006,0.0,0.0,0.0,0.0,0
1307,104.0,602.3079807692308,246.97648998360347,117.13,998.34,62640.03,1.0,31.0,1.0,0.4100501701207408,31.0,3.354838708595213,0.00961538461446006,0.0,0.0,0.0,0.0,0
1308,104.0,557.0352884615385,255.09486837598405,100.14,998.45,57931.67,1.0,31.0,1.0,0.45795100176856757,31.0,3.354838708595213,0.00961538461446006,0.0,0.0,0.0,0.0,0
1309,104.0,490.0904807692308,266.91742668604206,113.1,993.04,50969.41,1.0,31.0,1.0,0.5446288739614988,31.0,3.354838708595213,0.00961538461446006,0.0,0.0,0.0,0.0,0
1310,104.0,532.1358653846154,276.3595195252979,105.2,989.95,55342.13,1.0,31.0,1.0,0.5193401488177428,31.0,3.354838708595213,0.00961538461446006,0.0,0.0,0.0,0.0,0
1311,105.0,518.2332380952381,241.70007649140777,102.08,948.56,54414.49,1.0,31.0,2.0,0.466392463314608,31.0,3.3870967731009363,0.01904761904580499,1.0,215.54,215.54,1.0,1
1312,104.0,563.5288461538462,248.51287340727677,102.13,995.71,58607.0,1.0,31.0,1.0,0.44099405930858343,31.0,3.354838708595213,0.00961538461446006,0.0,0.0,0.0,0.0,0
1313,103.0,515.3412621359223,264.4188505623324,101.66,987.05,53080.15,1.0,31.0,1.0,0.5130946617029483,31.0,3.32258064408949,0.009708737863135074,0.0,0.0,0.0,0.0,0
1314,104.0,538.7825,233.99452391629927,116.49,996.97,56033.38,1.0,31.0,1.0,0.4343023834514971,31.0,3.354838708595213,0.00961538461446006,0.0,0.0,0.0,0.0,0
1315,98.0,556.2225510204081,255.75429256935652,26.0,988.47,54509.81,1.0,31.0,1.0,0.4598056876614747,31.0,3.161290321560874,0.010204081631611829,0.0,0.0,0.0,0.0,0
1316,104.0,553.2041346153846,262.9836302765223,103.95,984.97,57533.23,1.0,31.0,1.0,0.4753826188493836,31.0,3.354838708595213,0.00961538461446006,0.0,0.0,0.0,0.0,0
1317,104.0,544.8119230769231,260.092246287332,107.48,996.75,56660.44,1.0,31.0,1.0,0.4773982272884932,31.0,3.354838708595213,0.00961538461446006,0.0,0.0,0.0,0.0,0
1318,104.0,519.4020192307692,271.18673150511404,111.34,996.17,54017.81,1.0,31.0,1.0,0.5221133562428552,31.0,3.354838708595213,0.00961538461446006,0.0,0.0,0.0,0.0,0
1319,258.0,548.7560077519379,268.37571797752736,41.58,989.77,141579.05,1.0,31.0,2.0,0.4890620133200519,31.0,8.322580642476586,0.007751937984195661,127.0,68048.5,535.8149606299213,1.0,0
1320,202.0,503.4838118811881,274.28002188057775,14.74,992.78,101703.73,1.0,31.0,2.0,0.5447643308537089,31.0,6.516129030156087,0.009900990098519753,31.0,13838.6,446.40645161290325,1.0,0
1321,150.0,516.4562666666667,258.7300653036075,93.43,987.6,77468.44,1.0,31.0,2.0,0.500971876996486,31.0,4.838709675858481,0.013333333332444445,2.0,1232.29,616.145,1.0,0
1322,202.0,530.6368811881188,286.784982241885,7.3,998.6,107188.65,1.0,31.0,2.0,0.5404542963435873,31.0,6.516129030156087,0.009900990098519753,34.0,19641.93,577.7038235294118,1.0,0
1323,122.0,559.0625409836066,254.70791335674653,37.15,995.5,68205.63,1.0,31.0,2.0,0.4555982464932476,31.0,3.935483869698231,0.016393442621607097,2.0,1857.08,928.54,1.0,0
1324,109.0,549.2287155963303,275.2141227201673,73.15,996.94,59865.93,1.0,30.0,2.0,0.5010920130356623,30.0,3.633333332122222,0.018348623851527652,2.0,935.13,467.565,1.0,0
1325,141.0,531.4881560283688,248.91896993830525,106.59,985.04,74939.83,1.0,31.0,2.0,0.4683433997734005,31.0,4.548387095306972,0.014184397162114582,0.0,0.0,0.0,0.0,0
1326,158.0,541.8741772151899,285.46742893667164,85.04,992.53,85616.12,1.0,31.0,2.0,0.5268149709559572,31.0,5.096774191904267,0.012658227847300111,2.0,965.97,482.985,1.0,0
1327,170.0,523.4290000000001,267.83776259256587,106.45,999.19,88982.93000000001,1.0,31.0,2.0,0.5116983632688461,31.0,5.483870965972945,0.011764705881660899,4.0,2829.53,707.3825,1.0,0
1328,162.0,517.1471604938272,272.67506273785307,18.55,995.46,83777.84,1.0,31.0,2.0,0.5272678331486944,31.0,5.225806449927159,0.012345679011583599,8.0,3526.3999999999996,440.79999999999995,1.0,0
1329,137.0,532.6512408759124,271.7577866935849,74.27,996.93,72973.22,1.0,31.0,2.0,0.5101983546336882,31.0,4.419354837284079,0.014598540144919814,4.0,2322.2200000000003,580.5550000000001,1.0,0
1330,178.0,521.4619662921348,259.9835365779765,82.29,998.28,92820.23,1.0,31.0,2.0,0.4985666326186907,31.0,5.7419354820187305,0.011235955055548542,2.0,1028.13,514.065,1.0,0
1331,105.0,571.9599047619048,283.73782581980913,20.73,995.52,60055.79,1.0,31.0,2.0,0.4960799235270916,31.0,3.3870967731009363,0.01904761904580499,2.0,783.46,391.73,1.0,0
1332,167.0,506.46826347305387,280.7994178674114,97.15,996.63,84580.2,1.0,31.0,2.0,0.5544264825920465,31.0,5.3870967724557755,0.011976047903474488,4.0,1904.88,476.22,1.0,0
1333,181.0,487.85248618784533,261.20301709782524,7.35,997.95,88301.3,1.0,31.0,2.0,0.53541393041481,31.0,5.8387096755359,0.011049723756295595,20.0,11558.869999999999,577.9435,1.0,0
1334,142.0,458.4628169014085,256.4819973563356,17.65,988.12,65101.72,1.0,31.0,2.0,0.5594390382282566,31.0,4.580645159812695,0.014084507041261653,8.0,4208.42,526.0525,1.0,0
1335,143.0,568.2574125874125,262.7909347904659,100.13,999.78,81260.81,1.0,31.0,2.0,0.46245051796032205,31.0,4.612903224318418,0.013986013985035942,2.0,1619.92,809.96,1.0,0
1336,173.0,539.0260693641618,264.4178921940935,102.73,999.67,93251.51,1.0,31.0,2.0,0.49054750264879926,31.0,5.580645159490114,0.011560693640950248,4.0,2045.21,511.3025,1.0,0
1337,150.0,608.6788,265.3746539307888,100.16,995.89,91301.82,1.0,31.0,2.0,0.4359847162845641,31.0,4.838709675858481,0.013333333332444445,4.0,1810.55,452.6375,1.0,0
1338,158.0,547.4861392405063,273.90335568535886,12.49,998.91,86502.81,1.0,31.0,2.0,0.5002927673389598,31.0,5.096774191904267,0.012658227847300111,4.0,2228.77,557.1925,1.0,0
1339,180.0,535.4453333333333,265.1050120644195,72.82,999.05,96380.16,1.0,31.0,2.0,0.49511125703364994,31.0,5.806451611030177,0.011111111110493828,2.0,1287.27,643.635,1.0,0
1340,188.0,535.1277127659574,267.934464436191,74.8,997.66,100604.01,1.0,31.0,2.0,0.5006925599989762,31.0,6.064516127075962,0.010638297871774558,8.0,4086.7400000000002,510.84250000000003,1.0,0
1341,173.0,538.8501156069365,257.64890719554063,25.75,993.56,93221.07,1.0,31.0,2.0,0.4781457769579488,31.0,5.580645159490114,0.011560693640950248,4.0,1382.35,345.5875,1.0,0
1342,118.0,557.7150847457627,259.19788808805714,60.94,997.46,65810.38,1.0,31.0,2.0,0.4647496457829652,31.0,3.806451611675338,0.016949152540936513,2.0,291.62,145.81,1.0,0
1343,113.0,539.6317699115044,252.72509802871807,35.63,998.65,60978.39,1.0,31.0,2.0,0.46832879773827957,31.0,3.645161289146722,0.017699115042681495,0.0,0.0,0.0,0.0,0
1344,272.0,526.3002573529412,262.24865083026674,13.11,997.21,143153.67,1.0,31.0,2.0,0.49828714153452863,31.0,8.774193545556711,0.007352941176200259,138.0,68536.42,496.64072463768116,1.0,0
1345,173.0,538.0570520231214,272.3018394940444,25.35,990.3,93083.87,1.0,31.0,2.0,0.506083580663268,31.0,5.580645159490114,0.011560693640950248,2.0,1037.58,518.79,1.0,0
1346,105.0,542.2691428571429,282.50265354817157,102.08,988.78,56938.26,1.0,31.0,2.0,0.5209639111207648,31.0,3.3870967731009363,0.01904761904580499,4.0,2022.85,505.7125,1.0,0
1347,150.0,542.1165333333333,268.10534979601556,58.87,999.26,81317.48,1.0,31.0,2.0,0.4945529850243823,31.0,4.838709675858481,0.013333333332444445,0.0,0.0,0.0,0.0,0
1348,178.0,545.7388764044944,266.28331732524305,23.38,996.84,97141.52,1.0,31.0,2.0,0.4879317359150314,31.0,5.7419354820187305,0.011235955055548542,2.0,1239.1100000000001,619.5550000000001,1.0,0
1349,162.0,534.0577160493827,252.25103782702914,67.03,994.62,86517.35,1.0,31.0,2.0,0.47232917012846026,31.0,5.225806449927159,0.012345679011583599,2.0,770.51,385.255,1.0,0
1350,189.0,469.7804232804233,274.6136073336473,8.15,997.43,88788.5,1.0,31.0,2.0,0.5845573670571586,31.0,6.0967741915816855,0.010582010581450687,26.0,14901.52,573.1353846153846,1.0,0
1351,181.0,541.4161878453039,263.8316921181803,116.8,990.9,97996.33,1.0,31.0,2.0,0.4872992312315024,31.0,5.8387096755359,0.011049723756295595,0.0,0.0,0.0,0.0,0
1352,287.0,532.4132055749129,271.3866980319952,16.41,999.16,152802.59,1.0,31.0,2.0,0.5097294642304145,31.0,9.258064513142559,0.006968641114739768,134.0,64103.52,478.38447761194027,2.0,0
1353,96.0,532.5454166666667,241.33141586194245,32.71,996.08,51124.36,1.0,31.0,2.0,0.45316588652281287,31.0,3.0967741925494274,0.020833333331163197,2.0,698.5699999999999,349.28499999999997,1.0,0
1354,162.0,591.552962962963,256.65019384825416,84.02,996.26,95831.58,1.0,31.0,2.0,0.43385835235852654,31.0,5.225806449927159,0.012345679011583599,0.0,0.0,0.0,0.0,0
1355,259.0,551.1611583011583,261.4367764460426,92.2,996.52,142750.74,1.0,31.0,2.0,0.4743381722455274,31.0,8.35483870698231,0.007722007721709574,127.0,62080.42,488.82220472440946,1.0,0
1356,147.0,515.2742176870748,265.1364695953511,16.55,999.84,75745.31,1.0,31.0,2.0,0.5145541160206516,31.0,4.741935482341311,0.013605442175945207,14.0,6755.82,482.5585714285714,1.0,0
1357,117.0,486.504188034188,278.3742025993545,5.78,988.54,56920.99,1.0,31.0,2.0,0.5721928185622739,31.0,3.774193547169615,0.017094017092556067,10.0,5063.9400000000005,506.39400000000006,1.0,0
1358,161.0,505.6706832298136,286.5211753651993,31.31,996.15,81412.98,1.0,31.0,2.0,0.5666161493275992,31.0,5.193548385421436,0.012422360247675629,8.0,3955.4700000000003,494.43375000000003,1.0,0
1359,108.0,532.4837962962963,277.0987473123778,105.36,992.46,57508.25,1.0,31.0,2.0,0.5203890695539297,31.0,3.483870966618106,0.01851851851680384,2.0,708.02,354.01,1.0,0
1360,136.0,519.0907352941176,262.4259235179904,87.59,989.96,70596.34,1.0,31.0,2.0,0.5055492338237244,31.0,4.387096772778356,0.01470588235185986,2.0,1753.37,876.685,1.0,0
1361,130.0,510.68976923076923,271.81726127078934,28.34,977.1,66389.67,1.0,31.0,2.0,0.5322551530156827,31.0,4.193548385744016,0.015384615383431952,8.0,5361.44,670.18,1.0,0
1362,101.0,546.370297029703,287.7080887026134,22.98,998.14,55183.4,1.0,31.0,2.0,0.5265807644768554,31.0,3.2580645150780434,0.01980198019605921,2.0,1326.73,663.365,1.0,0
1363,161.0,555.9468322981367,253.01088547091797,2.19,998.48,89507.44,1.0,31.0,2.0,0.45509906841358755,31.0,5.193548385421436,0.012422360247675629,2.0,1186.54,593.27,1.0,0
1364,309.0,537.2264077669903,257.53623409113936,102.84,998.07,166002.96,1.0,31.0,2.0,0.47938118894193676,31.0,9.96774193226847,0.0064724919091756474,205.0,129423.48,631.3340487804878,1.0,0
1365,132.0,559.2846212121212,271.3548687728408,68.27,997.32,73825.57,1.0,31.0,2.0,0.4851820673700798,31.0,4.258064514755463,0.015151515150367308,0.0,0.0,0.0,0.0,0
1366,146.0,524.7182191780822,271.10892555216293,32.79,990.29,76608.86,1.0,31.0,2.0,0.5166752661488689,31.0,4.709677417835588,0.013698630136048039,0.0,0.0,0.0,0.0,0
1367,171.0,515.1105263157895,276.11457094360014,10.15,995.08,88083.9,1.0,31.0,2.0,0.5360297583376646,31.0,5.516129030478668,0.011695906432064567,4.0,1640.44,410.11,1.0,0
1368,163.0,525.5758895705521,283.05880897210005,103.26,991.81,85668.87,1.0,31.0,2.0,0.5385688624301271,31.0,5.258064514432882,0.012269938649553992,0.0,0.0,0.0,0.0,0
1369,125.0,519.4304000000001,268.56016319529573,102.23,982.99,64928.8,1.0,31.0,2.0,0.51702819702144,31.0,4.032258063215401,0.01599999999872,2.0,1602.6999999999998,801.3499999999999,1.0,0
1370,122.0,475.9774590163934,259.78920304249937,42.23,995.22,58069.25,1.0,31.0,2.0,0.5458014830658058,31.0,3.935483869698231,0.016393442621607097,6.0,4128.99,688.165,1.0,0
1371,133.0,565.2630075187969,273.9091997525241,107.1,989.26,75179.98,1.0,31.0,2.0,0.4845694766936787,31.0,4.290322579261186,0.01503759398383176,4.0,2234.5,558.625,1.0,0
1372,119.0,543.1067226890756,256.5040626503162,21.93,970.59,64629.7,1.0,30.0,2.0,0.47229034723703817,30.0,3.9666666653444445,0.0168067226876633,2.0,1122.93,561.465,1.0,0
1373,151.0,514.3394701986755,253.41936416090513,3.18,986.77,77665.26,1.0,31.0,2.0,0.4927083742145804,31.0,4.870967740364204,0.013245033111705625,4.0,2231.12,557.78,1.0,0
1374,90.0,568.3316666666667,277.5354895870743,100.8,987.29,51149.85,1.0,30.0,2.0,0.488333671797614,30.0,2.999999999,0.022222222219753087,4.0,1098.69,274.6725,1.0,0
1375,113.0,532.8491150442478,252.7942657491234,68.6,997.54,60211.95,1.0,31.0,2.0,0.47441997857758883,31.0,3.645161289146722,0.017699115042681495,2.0,717.9,358.95,1.0,0
1376,277.0,529.3946931407942,262.91310934109373,103.76,998.1,146642.33,1.0,31.0,2.0,0.49662966543226167,31.0,8.935483868085328,0.007220216606237537,145.0,79939.21,551.3048965517241,2.0,0
1377,186.0,508.16182795698927,265.8364661925101,56.34,990.16,94518.1,1.0,31.0,2.0,0.5231334814266669,31.0,5.999999998064516,0.010752688171464908,8.0,3280.75,410.09375,1.0,0
1378,127.0,590.2303937007873,272.7919301522554,104.3,991.39,74959.26,1.0,31.0,2.0,0.4621787238661304,31.0,4.096774192226847,0.01574803149482299,2.0,1506.32,753.16,1.0,0
1379,189.0,533.5043915343915,281.64115202149503,4.55,996.17,100832.33,1.0,31.0,2.0,0.5279078419695827,31.0,6.0967741915816855,0.010582010581450687,10.0,3574.08,357.408,1.0,0
1380,122.0,495.35819672131146,278.17386348405734,38.59,995.97,60433.7,1.0,31.0,2.0,0.5615610386981087,31.0,3.935483869698231,0.016393442621607097,4.0,2141.25,535.3125,1.0,0
1381,164.0,547.8188414634146,287.46366190499185,18.32,995.35,89842.29,1.0,31.0,2.0,0.5247421960366113,31.0,5.290322578938605,0.012195121950475906,4.0,2132.05,533.0125,1.0,0
1382,158.0,483.71924050632913,249.8136160444482,4.27,993.99,76427.64,1.0,31.0,2.0,0.5164434141130988,31.0,5.096774191904267,0.012658227847300111,4.0,2824.81,706.2025,1.0,0
1383,109.0,547.9597247706422,262.17609179377297,121.97,997.09,59727.61,1.0,31.0,2.0,0.4784586894570155,31.0,3.516129031123829,0.018348623851527652,0.0,0.0,0.0,0.0,0
1384,110.0,571.6574545454546,244.01722086709324,13.51,985.7,62882.32,1.0,31.0,2.0,0.4268591600136685,31.0,3.5483870956295522,0.01818181818016529,0.0,0.0,0.0,0.0,0
1385,295.0,527.6538644067797,260.27588406372115,22.99,994.64,155657.89,1.0,31.0,2.0,0.49327011818895006,31.0,9.516129029188345,0.006779661016719334,140.0,68729.22,490.923,1.0,0
1386,106.0,511.37660377358486,261.8025719320964,51.88,989.9,54205.92,1.0,31.0,2.0,0.5119564915466713,31.0,3.41935483760666,0.018867924526521897,0.0,0.0,0.0,0.0,0
1387,92.0,569.3804347826087,275.1046717676388,113.97,997.93,52383.0,1.0,31.0,2.0,0.48316495432064327,31.0,2.9677419345265346,0.02173913043241966,0.0,0.0,0.0,0.0,0
1388,141.0,551.240780141844,268.1025717867562,20.85,997.16,77724.95,1.0,31.0,2.0,0.4863620062958786,31.0,4.548387095306972,0.014184397162114582,4.0,2407.52,601.88,1.0,0
1389,132.0,534.5502272727273,255.6023472441946,58.76,994.81,70560.63,1.0,31.0,2.0,0.4781633870843062,31.0,4.258064514755463,0.015151515150367308,4.0,1410.15,352.5375,1.0,0
1390,150.0,544.3611999999999,274.648050755481,8.82,999.6,81654.18,1.0,31.0,2.0,0.5045327454462877,31.0,4.838709675858481,0.013333333332444445,6.0,3083.99,513.9983333333333,1.0,0
1391,158.0,548.6777848101266,236.73661394672303,12.66,990.98,86691.09,1.0,31.0,2.0,0.43146746687462945,31.0,5.096774191904267,0.012658227847300111,2.0,1073.65,536.825,1.0,0
1392,108.0,526.5852777777777,226.52520326225562,96.74,984.3,56871.21,1.0,30.0,2.0,0.43017762329760556,30.0,3.5999999988,0.01851851851680384,2.0,676.8699999999999,338.43499999999995,1.0,0
1393,150.0,520.0300666666666,265.41654759562266,65.26,999.23,78004.51,1.0,31.0,3.0,0.5103869268402279,31.0,4.838709675858481,0.019999999998666664,3.0,1251.51,417.17,2.0,1
1394,139.0,510.1605755395684,261.0644218506002,61.8,998.71,70912.32,1.0,31.0,2.0,0.5117299030199847,31.0,4.483870966295525,0.01438848920759795,2.0,1245.74,622.87,1.0,0
1395,210.0,401.54990476190477,266.69428486545263,6.39,960.78,84325.48,1.0,31.0,2.0,0.664162241594715,31.0,6.7741935462018725,0.009523809523356009,51.0,27210.69,533.5429411764705,1.0,0
1396,109.0,512.1993577981651,274.58732275393993,3.24,998.51,55829.729999999996,1.0,31.0,2.0,0.5360946252040822,31.0,3.516129031123829,0.018348623851527652,2.0,837.72,418.86,1.0,0
1397,132.0,512.2628787878788,265.09611324729923,104.66,985.37,67618.7,1.0,31.0,2.0,0.5175001434212784,31.0,4.258064514755463,0.015151515150367308,12.0,5956.09,496.34083333333336,1.0,0
1398,161.0,526.5372670807453,269.3190161986979,100.67,999.74,84772.5,1.0,31.0,2.0,0.5114908915882729,31.0,5.193548385421436,0.012422360247675629,2.0,1505.47,752.735,1.0,0
1399,147.0,535.5792517006803,261.0633760327185,33.41,999.21,78730.15,1.0,31.0,2.0,0.4874411680416344,31.0,4.741935482341311,0.013605442175945207,2.0,1541.9099999999999,770.9549999999999,1.0,0
1400,159.0,553.4452201257861,275.90631032014574,36.34,996.49,87997.79,1.0,31.0,2.0,0.4985250577328194,31.0,5.12903225640999,0.01257861635141015,0.0,0.0,0.0,0.0,0
1401,174.0,467.35126436781604,260.1014383659011,9.71,996.34,81319.12,1.0,31.0,2.0,0.5565437780770182,31.0,5.612903223995837,0.011494252872902629,20.0,12341.48,617.074,1.0,0
1402,159.0,500.98176100628933,258.0750925223578,107.8,999.38,79656.1,1.0,31.0,2.0,0.5151386988596708,31.0,5.12903225640999,0.01257861635141015,4.0,2865.04,716.26,1.0,0
1403,187.0,409.78866310160424,286.1164654431224,8.28,996.1,76630.48,1.0,31.0,2.0,0.698204931465368,31.0,6.032258062570239,0.010695187165203466,51.0,25775.84,505.4086274509804,1.0,0
1404,171.0,533.8136257309942,270.51488734885726,101.23,998.53,91282.13,1.0,31.0,2.0,0.5067590527936632,31.0,5.516129030478668,0.011695906432064567,0.0,0.0,0.0,0.0,0
1405,118.0,510.7769491525424,279.6322462804381,45.63,993.8,60271.68,1.0,31.0,2.0,0.5474644984252254,31.0,3.806451611675338,0.016949152540936513,2.0,1038.49,519.245,1.0,0
1406,101.0,532.0091089108911,275.85463455993994,0.76,995.81,53732.92,1.0,31.0,2.0,0.5185148711447327,31.0,3.2580645150780434,0.01980198019605921,2.0,1217.08,608.54,1.0,0
1407,139.0,524.4823021582733,273.936879321921,18.63,999.36,72903.04,1.0,31.0,2.0,0.5222995670005123,31.0,4.483870966295525,0.01438848920759795,2.0,878.8499999999999,439.42499999999995,1.0,0
1408,145.0,524.888827586207,255.80318046656566,95.43,973.76,76108.88,1.0,31.0,2.0,0.4873473524632784,31.0,4.6774193533298645,0.013793103447324612,4.0,1614.04,403.51,1.0,0
1409,164.0,545.0465853658536,266.6451364467815,20.07,991.84,89387.64,1.0,31.0,2.0,0.4892153140688115,31.0,5.290322578938605,0.012195121950475906,2.0,1157.9099999999999,578.9549999999999,1.0,0
1410,284.0,472.3754577464789,275.14521515640564,22.99,995.11,134154.63,1.0,31.0,2.0,0.582471444353169,31.0,9.16129031962539,0.007042253520878793,148.0,76661.1,517.9804054054055,1.0,0
1411,133.0,512.9132330827068,263.00586802575936,103.26,991.42,68217.46,1.0,31.0,2.0,0.5127687317402907,31.0,4.290322579261186,0.01503759398383176,0.0,0.0,0.0,0.0,0
1412,310.0,539.9484516129032,267.0792227076555,102.58,994.24,167384.02,1.0,31.0,2.0,0.49463837132027194,31.0,9.999999996774193,0.00645161290301769,158.0,85012.76,538.0554430379747,2.0,0
1413,159.0,538.8215094339622,263.66503172043423,44.18,992.73,85672.62,1.0,31.0,2.0,0.48933650030512665,31.0,5.12903225640999,0.01257861635141015,4.0,1669.92,417.48,1.0,0
1414,151.0,548.0361589403974,276.0939734676364,101.86,998.85,82753.46,1.0,31.0,2.0,0.5037878777860451,31.0,4.870967740364204,0.013245033111705625,2.0,1066.26,533.13,1.0,0
1415,309.0,524.9604854368932,249.90910566362885,103.81,998.52,162212.79,1.0,31.0,2.0,0.4760531746515814,31.0,9.96774193226847,0.0064724919091756474,156.0,85518.39,548.1948076923077,1.0,0
1416,254.0,509.2046062992126,266.3455356088726,8.9,996.64,129337.97,1.0,31.0,3.0,0.5230619132442318,31.0,8.193548384453694,0.011811023621582243,128.0,73687.32,575.6821875,1.0,1
1417,181.0,529.7759668508287,268.04368442222864,79.39,997.12,95889.45,1.0,31.0,2.0,0.5059566707235009,31.0,5.8387096755359,0.011049723756295595,4.0,2243.99,560.9975,1.0,0
1418,128.0,543.860078125,258.38487641164596,52.23,995.87,69614.09,1.0,31.0,2.0,0.4750943979887199,31.0,4.12903225673257,0.015624999998779296,8.0,4645.53,580.69125,1.0,0
1419,234.0,448.51679487179484,261.03956725633384,16.54,986.03,104952.93,1.0,31.0,2.0,0.5820062263780557,31.0,7.54838709433923,0.00854700854664329,51.0,29292.97,574.3719607843137,1.0,0
1420,185.0,506.135027027027,254.16154792068667,95.0,960.41,93634.98,1.0,31.0,2.0,0.5021615465117635,31.0,5.967741933558793,0.010810810810226442,6.0,2737.85,456.30833333333334,1.0,0
1421,179.0,543.2,273.77239329475333,76.34,997.34,97232.8,1.0,31.0,2.0,0.5039992512697226,31.0,5.774193546524454,0.0111731843569177,2.0,1564.65,782.325,1.0,0
1422,142.0,540.7609154929578,264.74336591961406,33.17,999.62,76788.05,1.0,31.0,2.0,0.4895756300607972,31.0,4.580645159812695,0.014084507041261653,4.0,2494.5,623.625,1.0,0
1423,227.0,526.8459911894273,257.9963517102621,100.0,986.39,119594.04,1.0,31.0,2.0,0.48969975290673246,31.0,7.322580642799167,0.008810572686836538,115.0,57680.02,501.56539130434777,1.0,0
1424,166.0,527.404156626506,258.89436922411244,96.44,993.88,87549.09,1.0,31.0,2.0,0.4908842032554284,31.0,5.3548387079500515,0.012048192770358542,11.0,6834.599999999999,621.3272727272727,1.0,0
1425,104.0,569.5299038461538,249.4944631231661,103.79,991.29,59231.11,1.0,31.0,2.0,0.4380708746527573,31.0,3.354838708595213,0.01923076922892012,2.0,1117.6,558.8,1.0,0
1426,113.0,533.0653982300885,284.43987792751625,15.68,995.18,60236.39,1.0,30.0,2.0,0.5335928365761358,30.0,3.766666665411111,0.017699115042681495,0.0,0.0,0.0,0.0,0
1427,173.0,539.5880346820809,253.28452741434955,17.26,995.39,93348.73,1.0,31.0,2.0,0.46940352848796557,31.0,5.580645159490114,0.011560693640950248,0.0,0.0,0.0,0.0,0
1428,128.0,548.7171875,265.00600646866195,24.65,999.59,70235.8,1.0,31.0,2.0,0.4829555415809394,31.0,4.12903225673257,0.015624999998779296,4.0,2808.5699999999997,702.1424999999999,1.0,0
1429,114.0,531.8832456140351,257.366807248805,31.82,994.35,60634.69,1.0,31.0,2.0,0.4838783875338053,31.0,3.677419353652445,0.017543859647583874,2.0,1371.8000000000002,685.9000000000001,1.0,0
1430,151.0,540.6750993377484,251.59559322019814,93.79,982.7,81641.94,1.0,31.0,2.0,0.4653360095993218,31.0,4.870967740364204,0.013245033111705625,0.0,0.0,0.0,0.0,0
1431,142.0,566.7959154929578,267.66248977024594,107.51,996.59,80485.02,1.0,31.0,2.0,0.47223785925262046,31.0,4.580645159812695,0.014084507041261653,2.0,1385.1399999999999,692.5699999999999,1.0,0
1432,93.0,569.2830107526881,266.3931852413097,95.56,993.15,52943.32,1.0,31.0,2.0,0.4679450821559097,31.0,2.999999999032258,0.021505376341773616,0.0,0.0,0.0,0.0,0
1433,186.0,542.5347849462365,268.17588572932925,50.26,979.83,100911.47,1.0,31.0,2.0,0.49430173541953004,31.0,5.999999998064516,0.010752688171464908,4.0,2550.18,637.545,1.0,0
1434,156.0,478.10801282051284,263.7404702804777,26.0,993.0,74584.85,1.0,31.0,2.0,0.5516336543265016,31.0,5.0322580628928195,0.012820512819690991,11.0,7156.6900000000005,650.6081818181818,1.0,0
1435,113.0,540.7986725663717,272.951243521964,50.49,975.95,61110.25,1.0,31.0,2.0,0.5047187749585642,31.0,3.645161289146722,0.017699115042681495,4.0,1950.3,487.575,1.0,0
1436,136.0,552.3179411764706,273.48390243944453,69.51,998.22,75115.24,1.0,31.0,2.0,0.49515665171396694,31.0,4.387096772778356,0.01470588235185986,8.0,4037.65,504.70625,1.0,0
1437,174.0,553.2592528735632,260.58009112399594,85.44,997.03,96267.11,1.0,31.0,2.0,0.47099093194711844,31.0,5.612903223995837,0.011494252872902629,2.0,952.61,476.305,1.0,0
1438,184.0,536.7410326086957,248.25085720336716,106.43,996.7,98760.35,1.0,31.0,2.0,0.46251514625625084,31.0,5.935483869053069,0.010869565216800567,0.0,0.0,0.0,0.0,0
1439,96.0,530.1755208333333,280.91600272892896,19.84,954.55,50896.85,1.0,31.0,2.0,0.5298547210970526,31.0,3.0967741925494274,0.020833333331163197,0.0,0.0,0.0,0.0,0
1440,178.0,539.9511235955056,260.5247737352512,86.23,980.41,96111.3,1.0,31.0,2.0,0.4824969563830254,31.0,5.7419354820187305,0.011235955055548542,2.0,576.0,288.0,1.0,0
1441,124.0,522.4864516129032,251.74664580384268,10.83,984.61,64788.32,1.0,31.0,2.0,0.4818242559627882,31.0,3.9999999987096775,0.01612903225676379,6.0,3034.49,505.7483333333333,1.0,0
1442,169.0,528.5836094674556,276.69658700695766,17.82,985.99,89330.63,1.0,31.0,2.0,0.5234679661756688,31.0,5.451612901467222,0.011834319525926963,2.0,893.76,446.88,1.0,0
1443,103.0,578.3455339805824,249.67025484893014,111.86,994.95,59569.59,1.0,31.0,1.0,0.43169738534368224,31.0,3.32258064408949,0.009708737863135074,0.0,0.0,0.0,0.0,0
1444,90.0,565.0792222222221,270.54996713198585,64.03,996.6,50857.13,1.0,31.0,1.0,0.47878236623749365,31.0,2.9032258055150884,0.011111111109876544,0.0,0.0,0.0,0.0,0
1445,103.0,571.6031067961165,266.5251161693335,107.21,998.28,58875.12,1.0,31.0,1.0,0.4662765352318787,31.0,3.32258064408949,0.009708737863135074,0.0,0.0,0.0,0.0,0
